Gene,Cancer Type,Source,Study,level
FBXW7,ALL,IntOGen,"ALL_Leu,ALL_Mem,ALL_NewS",A
KRAS,ALL,IntOGen,"ALL_Leu,ALL_Mem,ALL_NewS",A
NF1,ALL,IntOGen,"ALL_Leu,ALL_Mem,ALL_NewS",A
NRAS,ALL,IntOGen,"ALL_Leu,ALL_Mem,ALL_NewS",A
PTEN,ALL,IntOGen,"ALL_Leu,ALL_Mem,ALL_NewS",A
RB1,ALL,IntOGen,"ALL_Leu,ALL_Mem,ALL_NewS",A
RPL5,ALL,IntOGen,"ALL_Leu,ALL_Mem,ALL_NewS",A
TP53,ALL,IntOGen,"ALL_Leu,ALL_Mem,ALL_NewS",A
FLT3,ALL,IntOGen,"ALL_Leu,ALL_Mem,ALL_NewS",B
CNOT1,ALL,IntOGen,"ALL_Leu,ALL_Mem,ALL_NewS",C
CNOT3,ALL,IntOGen,"ALL_Leu,ALL_Mem,ALL_NewS",C
SH2B3,ALL,IntOGen,"ALL_Leu,ALL_Mem,ALL_NewS",C
FGFR1,AST,IntOGen,AST_NewS,A
PTPN11,AST,IntOGen,AST_NewS,B
ACTG1,BLCA,IntOGen,BLCA_TCGA,A
APC,BLCA,IntOGen,BLCA_TCGA,A
ARID1A,BLCA,IntOGen,BLCA_TCGA,A
BAP1,BLCA,IntOGen,BLCA_TCGA,A
BRAF,BLCA,IntOGen,BLCA_TCGA,A
CASP8,BLCA,IntOGen,BLCA_TCGA,A
CDH1,BLCA,IntOGen,BLCA_TCGA,A
CDKN1A,BLCA,IntOGen,BLCA_TCGA,A
CDKN1B,BLCA,IntOGen,BLCA_TCGA,A
CDKN2A,BLCA,IntOGen,BLCA_TCGA,A
CIC,BLCA,IntOGen,BLCA_TCGA,A
CTCF,BLCA,IntOGen,BLCA_TCGA,A
CTNNB1,BLCA,IntOGen,BLCA_TCGA,A
DDX5,BLCA,IntOGen,BLCA_TCGA,A
ELF3,BLCA,IntOGen,BLCA_TCGA,A
FAT1,BLCA,IntOGen,BLCA_TCGA,A
FBXW7,BLCA,IntOGen,BLCA_TCGA,A
FRG1B*,BLCA,IntOGen,BLCA_TCGA,A
HRAS,BLCA,IntOGen,BLCA_TCGA,A
IDH1,BLCA,IntOGen,BLCA_TCGA,A
KDM6A,BLCA,IntOGen,BLCA_TCGA,A
KEAP1,BLCA,IntOGen,BLCA_TCGA,A
MAP3K1,BLCA,IntOGen,BLCA_TCGA,A
MLL2,BLCA,IntOGen,BLCA_TCGA,A
MLL3,BLCA,IntOGen,BLCA_TCGA,A
NFE2L2,BLCA,IntOGen,BLCA_TCGA,A
NRAS,BLCA,IntOGen,BLCA_TCGA,A
PHF6,BLCA,IntOGen,BLCA_TCGA,A
PTEN,BLCA,IntOGen,BLCA_TCGA,A
RASA1,BLCA,IntOGen,BLCA_TCGA,A
RB1,BLCA,IntOGen,BLCA_TCGA,A
RHOA,BLCA,IntOGen,BLCA_TCGA,A
RPSAP58,BLCA,IntOGen,BLCA_TCGA,A
SETD2,BLCA,IntOGen,BLCA_TCGA,A
SMAD4,BLCA,IntOGen,BLCA_TCGA,A
STAG2,BLCA,IntOGen,BLCA_TCGA,A
TBL1XR1,BLCA,IntOGen,BLCA_TCGA,A
TP53,BLCA,IntOGen,BLCA_TCGA,A
TXNIP,BLCA,IntOGen,BLCA_TCGA,A
ACSL6,BLCA,IntOGen,BLCA_TCGA,B
AFF4,BLCA,IntOGen,BLCA_TCGA,B
ARHGAP26,BLCA,IntOGen,BLCA_TCGA,B
BCOR,BLCA,IntOGen,BLCA_TCGA,B
BLM,BLCA,IntOGen,BLCA_TCGA,B
BRCA1,BLCA,IntOGen,BLCA_TCGA,B
CDK12,BLCA,IntOGen,BLCA_TCGA,B
CHEK2,BLCA,IntOGen,BLCA_TCGA,B
CLTC,BLCA,IntOGen,BLCA_TCGA,B
DICER1,BLCA,IntOGen,BLCA_TCGA,B
EIF4A2,BLCA,IntOGen,BLCA_TCGA,B
EP300,BLCA,IntOGen,BLCA_TCGA,B
ERCC2,BLCA,IntOGen,BLCA_TCGA,B
FAM123B,BLCA,IntOGen,BLCA_TCGA,B
FGFR2,BLCA,IntOGen,BLCA_TCGA,B
FGFR3,BLCA,IntOGen,BLCA_TCGA,B
FLT3,BLCA,IntOGen,BLCA_TCGA,B
FUS,BLCA,IntOGen,BLCA_TCGA,B
GNAS,BLCA,IntOGen,BLCA_TCGA,B
GOLGA5,BLCA,IntOGen,BLCA_TCGA,B
HSP90AA1,BLCA,IntOGen,BLCA_TCGA,B
HSP90AB1,BLCA,IntOGen,BLCA_TCGA,B
KLF6,BLCA,IntOGen,BLCA_TCGA,B
MECOM,BLCA,IntOGen,BLCA_TCGA,B
MED12,BLCA,IntOGen,BLCA_TCGA,B
MET,BLCA,IntOGen,BLCA_TCGA,B
MLH1,BLCA,IntOGen,BLCA_TCGA,B
MYH11,BLCA,IntOGen,BLCA_TCGA,B
NDRG1,BLCA,IntOGen,BLCA_TCGA,B
NOTCH1,BLCA,IntOGen,BLCA_TCGA,B
NUP98,BLCA,IntOGen,BLCA_TCGA,B
SF3B1,BLCA,IntOGen,BLCA_TCGA,B
SFPQ,BLCA,IntOGen,BLCA_TCGA,B
SUZ12,BLCA,IntOGen,BLCA_TCGA,B
TBX3,BLCA,IntOGen,BLCA_TCGA,B
TGFBR2,BLCA,IntOGen,BLCA_TCGA,B
THRAP3,BLCA,IntOGen,BLCA_TCGA,B
TSC1,BLCA,IntOGen,BLCA_TCGA,B
ZMYM2,BLCA,IntOGen,BLCA_TCGA,B
ZNF814,BLCA,IntOGen,BLCA_TCGA,B
ACTB,BLCA,IntOGen,BLCA_TCGA,C
ADAM10,BLCA,IntOGen,BLCA_TCGA,C
AHNAK,BLCA,IntOGen,BLCA_TCGA,C
AHR,BLCA,IntOGen,BLCA_TCGA,C
ANK3,BLCA,IntOGen,BLCA_TCGA,C
AQR,BLCA,IntOGen,BLCA_TCGA,C
ARFGAP1,BLCA,IntOGen,BLCA_TCGA,C
ARFGEF2,BLCA,IntOGen,BLCA_TCGA,C
ARHGAP35,BLCA,IntOGen,BLCA_TCGA,C
ARID1B,BLCA,IntOGen,BLCA_TCGA,C
ATR,BLCA,IntOGen,BLCA_TCGA,C
BCLAF1,BLCA,IntOGen,BLCA_TCGA,C
BMPR2,BLCA,IntOGen,BLCA_TCGA,C
CAD,BLCA,IntOGen,BLCA_TCGA,C
CARM1,BLCA,IntOGen,BLCA_TCGA,C
CAST,BLCA,IntOGen,BLCA_TCGA,C
CAT,BLCA,IntOGen,BLCA_TCGA,C
CCAR1,BLCA,IntOGen,BLCA_TCGA,C
CCT5,BLCA,IntOGen,BLCA_TCGA,C
CEP290,BLCA,IntOGen,BLCA_TCGA,C
CHD3,BLCA,IntOGen,BLCA_TCGA,C
CHD9,BLCA,IntOGen,BLCA_TCGA,C
CLASP2,BLCA,IntOGen,BLCA_TCGA,C
CLSPN,BLCA,IntOGen,BLCA_TCGA,C
CNOT1,BLCA,IntOGen,BLCA_TCGA,C
COPS2,BLCA,IntOGen,BLCA_TCGA,C
CSDE1,BLCA,IntOGen,BLCA_TCGA,C
CUL2,BLCA,IntOGen,BLCA_TCGA,C
DDX3X,BLCA,IntOGen,BLCA_TCGA,C
DIS3,BLCA,IntOGen,BLCA_TCGA,C
DLG1,BLCA,IntOGen,BLCA_TCGA,C
EEF1B2,BLCA,IntOGen,BLCA_TCGA,C
EIF2AK3,BLCA,IntOGen,BLCA_TCGA,C
EIF4G1,BLCA,IntOGen,BLCA_TCGA,C
ELF1,BLCA,IntOGen,BLCA_TCGA,C
ERBB2IP,BLCA,IntOGen,BLCA_TCGA,C
ERBB3,BLCA,IntOGen,BLCA_TCGA,C
FKBP5,BLCA,IntOGen,BLCA_TCGA,C
FN1,BLCA,IntOGen,BLCA_TCGA,C
G3BP2,BLCA,IntOGen,BLCA_TCGA,C
GPS2,BLCA,IntOGen,BLCA_TCGA,C
HLA-A,BLCA,IntOGen,BLCA_TCGA,C
HNRPDL,BLCA,IntOGen,BLCA_TCGA,C
HSPA8,BLCA,IntOGen,BLCA_TCGA,C
IREB2,BLCA,IntOGen,BLCA_TCGA,C
IRS2,BLCA,IntOGen,BLCA_TCGA,C
LIMA1,BLCA,IntOGen,BLCA_TCGA,C
MAP3K4,BLCA,IntOGen,BLCA_TCGA,C
MAP4K3,BLCA,IntOGen,BLCA_TCGA,C
MED24,BLCA,IntOGen,BLCA_TCGA,C
MGA,BLCA,IntOGen,BLCA_TCGA,C
MTOR,BLCA,IntOGen,BLCA_TCGA,C
MYH10,BLCA,IntOGen,BLCA_TCGA,C
NAP1L1,BLCA,IntOGen,BLCA_TCGA,C
NCF2,BLCA,IntOGen,BLCA_TCGA,C
NCOR2,BLCA,IntOGen,BLCA_TCGA,C
NUP107,BLCA,IntOGen,BLCA_TCGA,C
PCDH18,BLCA,IntOGen,BLCA_TCGA,C
PCSK6,BLCA,IntOGen,BLCA_TCGA,C
PIK3CB,BLCA,IntOGen,BLCA_TCGA,C
PIP5K1A,BLCA,IntOGen,BLCA_TCGA,C
PTPRU,BLCA,IntOGen,BLCA_TCGA,C
RAD21,BLCA,IntOGen,BLCA_TCGA,C
RBM5,BLCA,IntOGen,BLCA_TCGA,C
SETDB1,BLCA,IntOGen,BLCA_TCGA,C
SF3A3,BLCA,IntOGen,BLCA_TCGA,C
SMC1A,BLCA,IntOGen,BLCA_TCGA,C
SOS1,BLCA,IntOGen,BLCA_TCGA,C
SOS2,BLCA,IntOGen,BLCA_TCGA,C
STAG1,BLCA,IntOGen,BLCA_TCGA,C
STK4,BLCA,IntOGen,BLCA_TCGA,C
TAF1,BLCA,IntOGen,BLCA_TCGA,C
TAOK1,BLCA,IntOGen,BLCA_TCGA,C
TAOK2,BLCA,IntOGen,BLCA_TCGA,C
TNPO1,BLCA,IntOGen,BLCA_TCGA,C
TP53BP1,BLCA,IntOGen,BLCA_TCGA,C
TRIO,BLCA,IntOGen,BLCA_TCGA,C
ZFP36L2,BLCA,IntOGen,BLCA_TCGA,C
AKT1,BRCA,IntOGen,"BRCA_BC,BRCA_Broad,BRCA_JH,BRCA_Sanger,BRCA_TCGA,BRCA_WU",A
APC,BRCA,IntOGen,"BRCA_BC,BRCA_Broad,BRCA_JH,BRCA_Sanger,BRCA_TCGA,BRCA_WU",A
ARID1A,BRCA,IntOGen,"BRCA_BC,BRCA_Broad,BRCA_JH,BRCA_Sanger,BRCA_TCGA,BRCA_WU",A
ARID2,BRCA,IntOGen,"BRCA_BC,BRCA_Broad,BRCA_JH,BRCA_Sanger,BRCA_TCGA,BRCA_WU",A
ATM,BRCA,IntOGen,"BRCA_BC,BRCA_Broad,BRCA_JH,BRCA_Sanger,BRCA_TCGA,BRCA_WU",A
BAP1,BRCA,IntOGen,"BRCA_BC,BRCA_Broad,BRCA_JH,BRCA_Sanger,BRCA_TCGA,BRCA_WU",A
BRAF,BRCA,IntOGen,"BRCA_BC,BRCA_Broad,BRCA_JH,BRCA_Sanger,BRCA_TCGA,BRCA_WU",A
CASP8,BRCA,IntOGen,"BRCA_BC,BRCA_Broad,BRCA_JH,BRCA_Sanger,BRCA_TCGA,BRCA_WU",A
CBFB,BRCA,IntOGen,"BRCA_BC,BRCA_Broad,BRCA_JH,BRCA_Sanger,BRCA_TCGA,BRCA_WU",A
CDH1,BRCA,IntOGen,"BRCA_BC,BRCA_Broad,BRCA_JH,BRCA_Sanger,BRCA_TCGA,BRCA_WU",A
CDKN1B,BRCA,IntOGen,"BRCA_BC,BRCA_Broad,BRCA_JH,BRCA_Sanger,BRCA_TCGA,BRCA_WU",A
CHD4,BRCA,IntOGen,"BRCA_BC,BRCA_Broad,BRCA_JH,BRCA_Sanger,BRCA_TCGA,BRCA_WU",A
CIC,BRCA,IntOGen,"BRCA_BC,BRCA_Broad,BRCA_JH,BRCA_Sanger,BRCA_TCGA,BRCA_WU",A
CTCF,BRCA,IntOGen,"BRCA_BC,BRCA_Broad,BRCA_JH,BRCA_Sanger,BRCA_TCGA,BRCA_WU",A
DDX5,BRCA,IntOGen,"BRCA_BC,BRCA_Broad,BRCA_JH,BRCA_Sanger,BRCA_TCGA,BRCA_WU",A
EGFR,BRCA,IntOGen,"BRCA_BC,BRCA_Broad,BRCA_JH,BRCA_Sanger,BRCA_TCGA,BRCA_WU",A
EIF1AX,BRCA,IntOGen,"BRCA_BC,BRCA_Broad,BRCA_JH,BRCA_Sanger,BRCA_TCGA,BRCA_WU",A
FBXW7,BRCA,IntOGen,"BRCA_BC,BRCA_Broad,BRCA_JH,BRCA_Sanger,BRCA_TCGA,BRCA_WU",A
FOXA1,BRCA,IntOGen,"BRCA_BC,BRCA_Broad,BRCA_JH,BRCA_Sanger,BRCA_TCGA,BRCA_WU",A
FUBP1,BRCA,IntOGen,"BRCA_BC,BRCA_Broad,BRCA_JH,BRCA_Sanger,BRCA_TCGA,BRCA_WU",A
GATA3,BRCA,IntOGen,"BRCA_BC,BRCA_Broad,BRCA_JH,BRCA_Sanger,BRCA_TCGA,BRCA_WU",A
IDH1,BRCA,IntOGen,"BRCA_BC,BRCA_Broad,BRCA_JH,BRCA_Sanger,BRCA_TCGA,BRCA_WU",A
KDM5C,BRCA,IntOGen,"BRCA_BC,BRCA_Broad,BRCA_JH,BRCA_Sanger,BRCA_TCGA,BRCA_WU",A
KEAP1,BRCA,IntOGen,"BRCA_BC,BRCA_Broad,BRCA_JH,BRCA_Sanger,BRCA_TCGA,BRCA_WU",A
KRAS,BRCA,IntOGen,"BRCA_BC,BRCA_Broad,BRCA_JH,BRCA_Sanger,BRCA_TCGA,BRCA_WU",A
LPHN2,BRCA,IntOGen,"BRCA_BC,BRCA_Broad,BRCA_JH,BRCA_Sanger,BRCA_TCGA,BRCA_WU",A
MAP2K4,BRCA,IntOGen,"BRCA_BC,BRCA_Broad,BRCA_JH,BRCA_Sanger,BRCA_TCGA,BRCA_WU",A
MAP3K1,BRCA,IntOGen,"BRCA_BC,BRCA_Broad,BRCA_JH,BRCA_Sanger,BRCA_TCGA,BRCA_WU",A
MGA,BRCA,IntOGen,"BRCA_BC,BRCA_Broad,BRCA_JH,BRCA_Sanger,BRCA_TCGA,BRCA_WU",A
MLL2,BRCA,IntOGen,"BRCA_BC,BRCA_Broad,BRCA_JH,BRCA_Sanger,BRCA_TCGA,BRCA_WU",A
MLL3,BRCA,IntOGen,"BRCA_BC,BRCA_Broad,BRCA_JH,BRCA_Sanger,BRCA_TCGA,BRCA_WU",A
MTOR,BRCA,IntOGen,"BRCA_BC,BRCA_Broad,BRCA_JH,BRCA_Sanger,BRCA_TCGA,BRCA_WU",A
MYB,BRCA,IntOGen,"BRCA_BC,BRCA_Broad,BRCA_JH,BRCA_Sanger,BRCA_TCGA,BRCA_WU",A
NCOR1,BRCA,IntOGen,"BRCA_BC,BRCA_Broad,BRCA_JH,BRCA_Sanger,BRCA_TCGA,BRCA_WU",A
NF1,BRCA,IntOGen,"BRCA_BC,BRCA_Broad,BRCA_JH,BRCA_Sanger,BRCA_TCGA,BRCA_WU",A
NRAS,BRCA,IntOGen,"BRCA_BC,BRCA_Broad,BRCA_JH,BRCA_Sanger,BRCA_TCGA,BRCA_WU",A
PBRM1,BRCA,IntOGen,"BRCA_BC,BRCA_Broad,BRCA_JH,BRCA_Sanger,BRCA_TCGA,BRCA_WU",A
PHF6,BRCA,IntOGen,"BRCA_BC,BRCA_Broad,BRCA_JH,BRCA_Sanger,BRCA_TCGA,BRCA_WU",A
PIK3CA,BRCA,IntOGen,"BRCA_BC,BRCA_Broad,BRCA_JH,BRCA_Sanger,BRCA_TCGA,BRCA_WU",A
PIK3R1,BRCA,IntOGen,"BRCA_BC,BRCA_Broad,BRCA_JH,BRCA_Sanger,BRCA_TCGA,BRCA_WU",A
PTEN,BRCA,IntOGen,"BRCA_BC,BRCA_Broad,BRCA_JH,BRCA_Sanger,BRCA_TCGA,BRCA_WU",A
RB1,BRCA,IntOGen,"BRCA_BC,BRCA_Broad,BRCA_JH,BRCA_Sanger,BRCA_TCGA,BRCA_WU",A
RPL5,BRCA,IntOGen,"BRCA_BC,BRCA_Broad,BRCA_JH,BRCA_Sanger,BRCA_TCGA,BRCA_WU",A
RUNX1,BRCA,IntOGen,"BRCA_BC,BRCA_Broad,BRCA_JH,BRCA_Sanger,BRCA_TCGA,BRCA_WU",A
SETD2,BRCA,IntOGen,"BRCA_BC,BRCA_Broad,BRCA_JH,BRCA_Sanger,BRCA_TCGA,BRCA_WU",A
SF3B1,BRCA,IntOGen,"BRCA_BC,BRCA_Broad,BRCA_JH,BRCA_Sanger,BRCA_TCGA,BRCA_WU",A
SMAD4,BRCA,IntOGen,"BRCA_BC,BRCA_Broad,BRCA_JH,BRCA_Sanger,BRCA_TCGA,BRCA_WU",A
STAG2,BRCA,IntOGen,"BRCA_BC,BRCA_Broad,BRCA_JH,BRCA_Sanger,BRCA_TCGA,BRCA_WU",A
STK11,BRCA,IntOGen,"BRCA_BC,BRCA_Broad,BRCA_JH,BRCA_Sanger,BRCA_TCGA,BRCA_WU",A
TBL1XR1,BRCA,IntOGen,"BRCA_BC,BRCA_Broad,BRCA_JH,BRCA_Sanger,BRCA_TCGA,BRCA_WU",A
TBX3,BRCA,IntOGen,"BRCA_BC,BRCA_Broad,BRCA_JH,BRCA_Sanger,BRCA_TCGA,BRCA_WU",A
TP53,BRCA,IntOGen,"BRCA_BC,BRCA_Broad,BRCA_JH,BRCA_Sanger,BRCA_TCGA,BRCA_WU",A
ZFP36L1,BRCA,IntOGen,"BRCA_BC,BRCA_Broad,BRCA_JH,BRCA_Sanger,BRCA_TCGA,BRCA_WU",A
ACSL6,BRCA,IntOGen,"BRCA_BC,BRCA_Broad,BRCA_JH,BRCA_Sanger,BRCA_TCGA,BRCA_WU",B
AFF4,BRCA,IntOGen,"BRCA_BC,BRCA_Broad,BRCA_JH,BRCA_Sanger,BRCA_TCGA,BRCA_WU",B
AKAP9,BRCA,IntOGen,"BRCA_BC,BRCA_Broad,BRCA_JH,BRCA_Sanger,BRCA_TCGA,BRCA_WU",B
ATF1,BRCA,IntOGen,"BRCA_BC,BRCA_Broad,BRCA_JH,BRCA_Sanger,BRCA_TCGA,BRCA_WU",B
ATIC,BRCA,IntOGen,"BRCA_BC,BRCA_Broad,BRCA_JH,BRCA_Sanger,BRCA_TCGA,BRCA_WU",B
BCOR,BRCA,IntOGen,"BRCA_BC,BRCA_Broad,BRCA_JH,BRCA_Sanger,BRCA_TCGA,BRCA_WU",B
BRCA1,BRCA,IntOGen,"BRCA_BC,BRCA_Broad,BRCA_JH,BRCA_Sanger,BRCA_TCGA,BRCA_WU",B
BRCA2,BRCA,IntOGen,"BRCA_BC,BRCA_Broad,BRCA_JH,BRCA_Sanger,BRCA_TCGA,BRCA_WU",B
CDK12,BRCA,IntOGen,"BRCA_BC,BRCA_Broad,BRCA_JH,BRCA_Sanger,BRCA_TCGA,BRCA_WU",B
CHEK2,BRCA,IntOGen,"BRCA_BC,BRCA_Broad,BRCA_JH,BRCA_Sanger,BRCA_TCGA,BRCA_WU",B
CLTC,BRCA,IntOGen,"BRCA_BC,BRCA_Broad,BRCA_JH,BRCA_Sanger,BRCA_TCGA,BRCA_WU",B
EIF4A2,BRCA,IntOGen,"BRCA_BC,BRCA_Broad,BRCA_JH,BRCA_Sanger,BRCA_TCGA,BRCA_WU",B
EP300,BRCA,IntOGen,"BRCA_BC,BRCA_Broad,BRCA_JH,BRCA_Sanger,BRCA_TCGA,BRCA_WU",B
ERBB2,BRCA,IntOGen,"BRCA_BC,BRCA_Broad,BRCA_JH,BRCA_Sanger,BRCA_TCGA,BRCA_WU",B
ERCC2,BRCA,IntOGen,"BRCA_BC,BRCA_Broad,BRCA_JH,BRCA_Sanger,BRCA_TCGA,BRCA_WU",B
FLT3,BRCA,IntOGen,"BRCA_BC,BRCA_Broad,BRCA_JH,BRCA_Sanger,BRCA_TCGA,BRCA_WU",B
FOXP1,BRCA,IntOGen,"BRCA_BC,BRCA_Broad,BRCA_JH,BRCA_Sanger,BRCA_TCGA,BRCA_WU",B
FUS,BRCA,IntOGen,"BRCA_BC,BRCA_Broad,BRCA_JH,BRCA_Sanger,BRCA_TCGA,BRCA_WU",B
GOLGA5,BRCA,IntOGen,"BRCA_BC,BRCA_Broad,BRCA_JH,BRCA_Sanger,BRCA_TCGA,BRCA_WU",B
HLF,BRCA,IntOGen,"BRCA_BC,BRCA_Broad,BRCA_JH,BRCA_Sanger,BRCA_TCGA,BRCA_WU",B
LCP1,BRCA,IntOGen,"BRCA_BC,BRCA_Broad,BRCA_JH,BRCA_Sanger,BRCA_TCGA,BRCA_WU",B
MECOM,BRCA,IntOGen,"BRCA_BC,BRCA_Broad,BRCA_JH,BRCA_Sanger,BRCA_TCGA,BRCA_WU",B
MED12,BRCA,IntOGen,"BRCA_BC,BRCA_Broad,BRCA_JH,BRCA_Sanger,BRCA_TCGA,BRCA_WU",B
MKL1,BRCA,IntOGen,"BRCA_BC,BRCA_Broad,BRCA_JH,BRCA_Sanger,BRCA_TCGA,BRCA_WU",B
MLH1,BRCA,IntOGen,"BRCA_BC,BRCA_Broad,BRCA_JH,BRCA_Sanger,BRCA_TCGA,BRCA_WU",B
MLL,BRCA,IntOGen,"BRCA_BC,BRCA_Broad,BRCA_JH,BRCA_Sanger,BRCA_TCGA,BRCA_WU",B
MLLT4,BRCA,IntOGen,"BRCA_BC,BRCA_Broad,BRCA_JH,BRCA_Sanger,BRCA_TCGA,BRCA_WU",B
MYH11,BRCA,IntOGen,"BRCA_BC,BRCA_Broad,BRCA_JH,BRCA_Sanger,BRCA_TCGA,BRCA_WU",B
MYH9,BRCA,IntOGen,"BRCA_BC,BRCA_Broad,BRCA_JH,BRCA_Sanger,BRCA_TCGA,BRCA_WU",B
NDRG1,BRCA,IntOGen,"BRCA_BC,BRCA_Broad,BRCA_JH,BRCA_Sanger,BRCA_TCGA,BRCA_WU",B
NF2,BRCA,IntOGen,"BRCA_BC,BRCA_Broad,BRCA_JH,BRCA_Sanger,BRCA_TCGA,BRCA_WU",B
NOTCH1,BRCA,IntOGen,"BRCA_BC,BRCA_Broad,BRCA_JH,BRCA_Sanger,BRCA_TCGA,BRCA_WU",B
NOTCH2,BRCA,IntOGen,"BRCA_BC,BRCA_Broad,BRCA_JH,BRCA_Sanger,BRCA_TCGA,BRCA_WU",B
NSD1,BRCA,IntOGen,"BRCA_BC,BRCA_Broad,BRCA_JH,BRCA_Sanger,BRCA_TCGA,BRCA_WU",B
NUP98,BRCA,IntOGen,"BRCA_BC,BRCA_Broad,BRCA_JH,BRCA_Sanger,BRCA_TCGA,BRCA_WU",B
PAX5,BRCA,IntOGen,"BRCA_BC,BRCA_Broad,BRCA_JH,BRCA_Sanger,BRCA_TCGA,BRCA_WU",B
PRKAR1A,BRCA,IntOGen,"BRCA_BC,BRCA_Broad,BRCA_JH,BRCA_Sanger,BRCA_TCGA,BRCA_WU",B
SFPQ,BRCA,IntOGen,"BRCA_BC,BRCA_Broad,BRCA_JH,BRCA_Sanger,BRCA_TCGA,BRCA_WU",B
SMARCA4,BRCA,IntOGen,"BRCA_BC,BRCA_Broad,BRCA_JH,BRCA_Sanger,BRCA_TCGA,BRCA_WU",B
SUZ12,BRCA,IntOGen,"BRCA_BC,BRCA_Broad,BRCA_JH,BRCA_Sanger,BRCA_TCGA,BRCA_WU",B
TCF12,BRCA,IntOGen,"BRCA_BC,BRCA_Broad,BRCA_JH,BRCA_Sanger,BRCA_TCGA,BRCA_WU",B
TCF7L2,BRCA,IntOGen,"BRCA_BC,BRCA_Broad,BRCA_JH,BRCA_Sanger,BRCA_TCGA,BRCA_WU",B
TGFBR2,BRCA,IntOGen,"BRCA_BC,BRCA_Broad,BRCA_JH,BRCA_Sanger,BRCA_TCGA,BRCA_WU",B
THRAP3,BRCA,IntOGen,"BRCA_BC,BRCA_Broad,BRCA_JH,BRCA_Sanger,BRCA_TCGA,BRCA_WU",B
ACO1,BRCA,IntOGen,"BRCA_BC,BRCA_Broad,BRCA_JH,BRCA_Sanger,BRCA_TCGA,BRCA_WU",C
ACTB,BRCA,IntOGen,"BRCA_BC,BRCA_Broad,BRCA_JH,BRCA_Sanger,BRCA_TCGA,BRCA_WU",C
ACVR1B,BRCA,IntOGen,"BRCA_BC,BRCA_Broad,BRCA_JH,BRCA_Sanger,BRCA_TCGA,BRCA_WU",C
AHNAK,BRCA,IntOGen,"BRCA_BC,BRCA_Broad,BRCA_JH,BRCA_Sanger,BRCA_TCGA,BRCA_WU",C
ANK3,BRCA,IntOGen,"BRCA_BC,BRCA_Broad,BRCA_JH,BRCA_Sanger,BRCA_TCGA,BRCA_WU",C
AQR,BRCA,IntOGen,"BRCA_BC,BRCA_Broad,BRCA_JH,BRCA_Sanger,BRCA_TCGA,BRCA_WU",C
ARFGEF2,BRCA,IntOGen,"BRCA_BC,BRCA_Broad,BRCA_JH,BRCA_Sanger,BRCA_TCGA,BRCA_WU",C
ARHGAP35,BRCA,IntOGen,"BRCA_BC,BRCA_Broad,BRCA_JH,BRCA_Sanger,BRCA_TCGA,BRCA_WU",C
ARID4B,BRCA,IntOGen,"BRCA_BC,BRCA_Broad,BRCA_JH,BRCA_Sanger,BRCA_TCGA,BRCA_WU",C
ARNTL,BRCA,IntOGen,"BRCA_BC,BRCA_Broad,BRCA_JH,BRCA_Sanger,BRCA_TCGA,BRCA_WU",C
ASH1L,BRCA,IntOGen,"BRCA_BC,BRCA_Broad,BRCA_JH,BRCA_Sanger,BRCA_TCGA,BRCA_WU",C
ASPM,BRCA,IntOGen,"BRCA_BC,BRCA_Broad,BRCA_JH,BRCA_Sanger,BRCA_TCGA,BRCA_WU",C
ATR,BRCA,IntOGen,"BRCA_BC,BRCA_Broad,BRCA_JH,BRCA_Sanger,BRCA_TCGA,BRCA_WU",C
BMPR2,BRCA,IntOGen,"BRCA_BC,BRCA_Broad,BRCA_JH,BRCA_Sanger,BRCA_TCGA,BRCA_WU",C
BNC2,BRCA,IntOGen,"BRCA_BC,BRCA_Broad,BRCA_JH,BRCA_Sanger,BRCA_TCGA,BRCA_WU",C
BPTF,BRCA,IntOGen,"BRCA_BC,BRCA_Broad,BRCA_JH,BRCA_Sanger,BRCA_TCGA,BRCA_WU",C
CAD,BRCA,IntOGen,"BRCA_BC,BRCA_Broad,BRCA_JH,BRCA_Sanger,BRCA_TCGA,BRCA_WU",C
CARM1,BRCA,IntOGen,"BRCA_BC,BRCA_Broad,BRCA_JH,BRCA_Sanger,BRCA_TCGA,BRCA_WU",C
CAST,BRCA,IntOGen,"BRCA_BC,BRCA_Broad,BRCA_JH,BRCA_Sanger,BRCA_TCGA,BRCA_WU",C
CCAR1,BRCA,IntOGen,"BRCA_BC,BRCA_Broad,BRCA_JH,BRCA_Sanger,BRCA_TCGA,BRCA_WU",C
CCT5,BRCA,IntOGen,"BRCA_BC,BRCA_Broad,BRCA_JH,BRCA_Sanger,BRCA_TCGA,BRCA_WU",C
CEP290,BRCA,IntOGen,"BRCA_BC,BRCA_Broad,BRCA_JH,BRCA_Sanger,BRCA_TCGA,BRCA_WU",C
CHD9,BRCA,IntOGen,"BRCA_BC,BRCA_Broad,BRCA_JH,BRCA_Sanger,BRCA_TCGA,BRCA_WU",C
CLASP2,BRCA,IntOGen,"BRCA_BC,BRCA_Broad,BRCA_JH,BRCA_Sanger,BRCA_TCGA,BRCA_WU",C
CLSPN,BRCA,IntOGen,"BRCA_BC,BRCA_Broad,BRCA_JH,BRCA_Sanger,BRCA_TCGA,BRCA_WU",C
CNOT3,BRCA,IntOGen,"BRCA_BC,BRCA_Broad,BRCA_JH,BRCA_Sanger,BRCA_TCGA,BRCA_WU",C
CSDE1,BRCA,IntOGen,"BRCA_BC,BRCA_Broad,BRCA_JH,BRCA_Sanger,BRCA_TCGA,BRCA_WU",C
CSNK1G3,BRCA,IntOGen,"BRCA_BC,BRCA_Broad,BRCA_JH,BRCA_Sanger,BRCA_TCGA,BRCA_WU",C
CUL1,BRCA,IntOGen,"BRCA_BC,BRCA_Broad,BRCA_JH,BRCA_Sanger,BRCA_TCGA,BRCA_WU",C
DDX3X,BRCA,IntOGen,"BRCA_BC,BRCA_Broad,BRCA_JH,BRCA_Sanger,BRCA_TCGA,BRCA_WU",C
DHX15,BRCA,IntOGen,"BRCA_BC,BRCA_Broad,BRCA_JH,BRCA_Sanger,BRCA_TCGA,BRCA_WU",C
DIS3,BRCA,IntOGen,"BRCA_BC,BRCA_Broad,BRCA_JH,BRCA_Sanger,BRCA_TCGA,BRCA_WU",C
EIF2C3,BRCA,IntOGen,"BRCA_BC,BRCA_Broad,BRCA_JH,BRCA_Sanger,BRCA_TCGA,BRCA_WU",C
EIF4G1,BRCA,IntOGen,"BRCA_BC,BRCA_Broad,BRCA_JH,BRCA_Sanger,BRCA_TCGA,BRCA_WU",C
ELF1,BRCA,IntOGen,"BRCA_BC,BRCA_Broad,BRCA_JH,BRCA_Sanger,BRCA_TCGA,BRCA_WU",C
ERBB2IP,BRCA,IntOGen,"BRCA_BC,BRCA_Broad,BRCA_JH,BRCA_Sanger,BRCA_TCGA,BRCA_WU",C
FMR1,BRCA,IntOGen,"BRCA_BC,BRCA_Broad,BRCA_JH,BRCA_Sanger,BRCA_TCGA,BRCA_WU",C
FN1,BRCA,IntOGen,"BRCA_BC,BRCA_Broad,BRCA_JH,BRCA_Sanger,BRCA_TCGA,BRCA_WU",C
G3BP2,BRCA,IntOGen,"BRCA_BC,BRCA_Broad,BRCA_JH,BRCA_Sanger,BRCA_TCGA,BRCA_WU",C
GPS2,BRCA,IntOGen,"BRCA_BC,BRCA_Broad,BRCA_JH,BRCA_Sanger,BRCA_TCGA,BRCA_WU",C
HCFC1,BRCA,IntOGen,"BRCA_BC,BRCA_Broad,BRCA_JH,BRCA_Sanger,BRCA_TCGA,BRCA_WU",C
HLA-A,BRCA,IntOGen,"BRCA_BC,BRCA_Broad,BRCA_JH,BRCA_Sanger,BRCA_TCGA,BRCA_WU",C
HNRPDL,BRCA,IntOGen,"BRCA_BC,BRCA_Broad,BRCA_JH,BRCA_Sanger,BRCA_TCGA,BRCA_WU",C
HSPA8,BRCA,IntOGen,"BRCA_BC,BRCA_Broad,BRCA_JH,BRCA_Sanger,BRCA_TCGA,BRCA_WU",C
ITSN1,BRCA,IntOGen,"BRCA_BC,BRCA_Broad,BRCA_JH,BRCA_Sanger,BRCA_TCGA,BRCA_WU",C
KALRN,BRCA,IntOGen,"BRCA_BC,BRCA_Broad,BRCA_JH,BRCA_Sanger,BRCA_TCGA,BRCA_WU",C
KLF4,BRCA,IntOGen,"BRCA_BC,BRCA_Broad,BRCA_JH,BRCA_Sanger,BRCA_TCGA,BRCA_WU",C
LRP6,BRCA,IntOGen,"BRCA_BC,BRCA_Broad,BRCA_JH,BRCA_Sanger,BRCA_TCGA,BRCA_WU",C
MACF1,BRCA,IntOGen,"BRCA_BC,BRCA_Broad,BRCA_JH,BRCA_Sanger,BRCA_TCGA,BRCA_WU",C
MAX,BRCA,IntOGen,"BRCA_BC,BRCA_Broad,BRCA_JH,BRCA_Sanger,BRCA_TCGA,BRCA_WU",C
MED23,BRCA,IntOGen,"BRCA_BC,BRCA_Broad,BRCA_JH,BRCA_Sanger,BRCA_TCGA,BRCA_WU",C
MED24,BRCA,IntOGen,"BRCA_BC,BRCA_Broad,BRCA_JH,BRCA_Sanger,BRCA_TCGA,BRCA_WU",C
MSR1,BRCA,IntOGen,"BRCA_BC,BRCA_Broad,BRCA_JH,BRCA_Sanger,BRCA_TCGA,BRCA_WU",C
MUC20,BRCA,IntOGen,"BRCA_BC,BRCA_Broad,BRCA_JH,BRCA_Sanger,BRCA_TCGA,BRCA_WU",C
MYH14,BRCA,IntOGen,"BRCA_BC,BRCA_Broad,BRCA_JH,BRCA_Sanger,BRCA_TCGA,BRCA_WU",C
NR4A2,BRCA,IntOGen,"BRCA_BC,BRCA_Broad,BRCA_JH,BRCA_Sanger,BRCA_TCGA,BRCA_WU",C
NUP107,BRCA,IntOGen,"BRCA_BC,BRCA_Broad,BRCA_JH,BRCA_Sanger,BRCA_TCGA,BRCA_WU",C
PCDH18,BRCA,IntOGen,"BRCA_BC,BRCA_Broad,BRCA_JH,BRCA_Sanger,BRCA_TCGA,BRCA_WU",C
PCSK6,BRCA,IntOGen,"BRCA_BC,BRCA_Broad,BRCA_JH,BRCA_Sanger,BRCA_TCGA,BRCA_WU",C
PIK3CB,BRCA,IntOGen,"BRCA_BC,BRCA_Broad,BRCA_JH,BRCA_Sanger,BRCA_TCGA,BRCA_WU",C
PIK3R3,BRCA,IntOGen,"BRCA_BC,BRCA_Broad,BRCA_JH,BRCA_Sanger,BRCA_TCGA,BRCA_WU",C
PIP5K1A,BRCA,IntOGen,"BRCA_BC,BRCA_Broad,BRCA_JH,BRCA_Sanger,BRCA_TCGA,BRCA_WU",C
POLR2B,BRCA,IntOGen,"BRCA_BC,BRCA_Broad,BRCA_JH,BRCA_Sanger,BRCA_TCGA,BRCA_WU",C
PRKCZ,BRCA,IntOGen,"BRCA_BC,BRCA_Broad,BRCA_JH,BRCA_Sanger,BRCA_TCGA,BRCA_WU",C
PTGS1,BRCA,IntOGen,"BRCA_BC,BRCA_Broad,BRCA_JH,BRCA_Sanger,BRCA_TCGA,BRCA_WU",C
PTPRU,BRCA,IntOGen,"BRCA_BC,BRCA_Broad,BRCA_JH,BRCA_Sanger,BRCA_TCGA,BRCA_WU",C
RBBP7,BRCA,IntOGen,"BRCA_BC,BRCA_Broad,BRCA_JH,BRCA_Sanger,BRCA_TCGA,BRCA_WU",C
RBM5,BRCA,IntOGen,"BRCA_BC,BRCA_Broad,BRCA_JH,BRCA_Sanger,BRCA_TCGA,BRCA_WU",C
RFC4,BRCA,IntOGen,"BRCA_BC,BRCA_Broad,BRCA_JH,BRCA_Sanger,BRCA_TCGA,BRCA_WU",C
RHEB,BRCA,IntOGen,"BRCA_BC,BRCA_Broad,BRCA_JH,BRCA_Sanger,BRCA_TCGA,BRCA_WU",C
RPGR,BRCA,IntOGen,"BRCA_BC,BRCA_Broad,BRCA_JH,BRCA_Sanger,BRCA_TCGA,BRCA_WU",C
SEC24D,BRCA,IntOGen,"BRCA_BC,BRCA_Broad,BRCA_JH,BRCA_Sanger,BRCA_TCGA,BRCA_WU",C
SETDB1,BRCA,IntOGen,"BRCA_BC,BRCA_Broad,BRCA_JH,BRCA_Sanger,BRCA_TCGA,BRCA_WU",C
SOS1,BRCA,IntOGen,"BRCA_BC,BRCA_Broad,BRCA_JH,BRCA_Sanger,BRCA_TCGA,BRCA_WU",C
SOS2,BRCA,IntOGen,"BRCA_BC,BRCA_Broad,BRCA_JH,BRCA_Sanger,BRCA_TCGA,BRCA_WU",C
SPTAN1,BRCA,IntOGen,"BRCA_BC,BRCA_Broad,BRCA_JH,BRCA_Sanger,BRCA_TCGA,BRCA_WU",C
SRGAP1,BRCA,IntOGen,"BRCA_BC,BRCA_Broad,BRCA_JH,BRCA_Sanger,BRCA_TCGA,BRCA_WU",C
STAG1,BRCA,IntOGen,"BRCA_BC,BRCA_Broad,BRCA_JH,BRCA_Sanger,BRCA_TCGA,BRCA_WU",C
STIP1,BRCA,IntOGen,"BRCA_BC,BRCA_Broad,BRCA_JH,BRCA_Sanger,BRCA_TCGA,BRCA_WU",C
STK4,BRCA,IntOGen,"BRCA_BC,BRCA_Broad,BRCA_JH,BRCA_Sanger,BRCA_TCGA,BRCA_WU",C
SVEP1,BRCA,IntOGen,"BRCA_BC,BRCA_Broad,BRCA_JH,BRCA_Sanger,BRCA_TCGA,BRCA_WU",C
TAF1,BRCA,IntOGen,"BRCA_BC,BRCA_Broad,BRCA_JH,BRCA_Sanger,BRCA_TCGA,BRCA_WU",C
TFDP1,BRCA,IntOGen,"BRCA_BC,BRCA_Broad,BRCA_JH,BRCA_Sanger,BRCA_TCGA,BRCA_WU",C
TNPO1,BRCA,IntOGen,"BRCA_BC,BRCA_Broad,BRCA_JH,BRCA_Sanger,BRCA_TCGA,BRCA_WU",C
TOM1,BRCA,IntOGen,"BRCA_BC,BRCA_Broad,BRCA_JH,BRCA_Sanger,BRCA_TCGA,BRCA_WU",C
TRIO,BRCA,IntOGen,"BRCA_BC,BRCA_Broad,BRCA_JH,BRCA_Sanger,BRCA_TCGA,BRCA_WU",C
ZFP36L2,BRCA,IntOGen,"BRCA_BC,BRCA_Broad,BRCA_JH,BRCA_Sanger,BRCA_TCGA,BRCA_WU",C
ARID1A,CLL,IntOGen,"CLL_Broad,CLL_DF,CLL_HC",A
ATM,CLL,IntOGen,"CLL_Broad,CLL_DF,CLL_HC",A
ATRX,CLL,IntOGen,"CLL_Broad,CLL_DF,CLL_HC",A
BRAF,CLL,IntOGen,"CLL_Broad,CLL_DF,CLL_HC",A
HRAS,CLL,IntOGen,"CLL_Broad,CLL_DF,CLL_HC",A
IDH1,CLL,IntOGen,"CLL_Broad,CLL_DF,CLL_HC",A
KDM6A,CLL,IntOGen,"CLL_Broad,CLL_DF,CLL_HC",A
KRAS,CLL,IntOGen,"CLL_Broad,CLL_DF,CLL_HC",A
MLL3,CLL,IntOGen,"CLL_Broad,CLL_DF,CLL_HC",A
MYD88,CLL,IntOGen,"CLL_Broad,CLL_DF,CLL_HC",A
RB1,CLL,IntOGen,"CLL_Broad,CLL_DF,CLL_HC",A
SF3B1,CLL,IntOGen,"CLL_Broad,CLL_DF,CLL_HC",A
STAG2,CLL,IntOGen,"CLL_Broad,CLL_DF,CLL_HC",A
TP53,CLL,IntOGen,"CLL_Broad,CLL_DF,CLL_HC",A
XPO1,CLL,IntOGen,"CLL_Broad,CLL_DF,CLL_HC",A
ASXL1,CLL,IntOGen,"CLL_Broad,CLL_DF,CLL_HC",B
BCOR,CLL,IntOGen,"CLL_Broad,CLL_DF,CLL_HC",B
BLM,CLL,IntOGen,"CLL_Broad,CLL_DF,CLL_HC",B
EP300,CLL,IntOGen,"CLL_Broad,CLL_DF,CLL_HC",B
FGFR2,CLL,IntOGen,"CLL_Broad,CLL_DF,CLL_HC",B
FGFR3,CLL,IntOGen,"CLL_Broad,CLL_DF,CLL_HC",B
MED12,CLL,IntOGen,"CLL_Broad,CLL_DF,CLL_HC",B
MLL,CLL,IntOGen,"CLL_Broad,CLL_DF,CLL_HC",B
NOTCH1,CLL,IntOGen,"CLL_Broad,CLL_DF,CLL_HC",B
NSD1,CLL,IntOGen,"CLL_Broad,CLL_DF,CLL_HC",B
PTPN11,CLL,IntOGen,"CLL_Broad,CLL_DF,CLL_HC",B
AHNAK,CLL,IntOGen,"CLL_Broad,CLL_DF,CLL_HC",C
ARHGAP35,CLL,IntOGen,"CLL_Broad,CLL_DF,CLL_HC",C
CARM1,CLL,IntOGen,"CLL_Broad,CLL_DF,CLL_HC",C
CASP1,CLL,IntOGen,"CLL_Broad,CLL_DF,CLL_HC",C
CLASP2,CLL,IntOGen,"CLL_Broad,CLL_DF,CLL_HC",C
CLSPN,CLL,IntOGen,"CLL_Broad,CLL_DF,CLL_HC",C
DDX3X,CLL,IntOGen,"CLL_Broad,CLL_DF,CLL_HC",C
GNAI1,CLL,IntOGen,"CLL_Broad,CLL_DF,CLL_HC",C
GPS2,CLL,IntOGen,"CLL_Broad,CLL_DF,CLL_HC",C
MACF1,CLL,IntOGen,"CLL_Broad,CLL_DF,CLL_HC",C
NCOR1,CLL,IntOGen,"CLL_Broad,CLL_DF,CLL_HC",C
PLCB1,CLL,IntOGen,"CLL_Broad,CLL_DF,CLL_HC",C
TRIO,CLL,IntOGen,"CLL_Broad,CLL_DF,CLL_HC",C
APC,COAD/READ,IntOGen,"COADREAD_TCGA,CO_JH",A
ARID1A,COAD/READ,IntOGen,"COADREAD_TCGA,CO_JH",A
ATM,COAD/READ,IntOGen,"COADREAD_TCGA,CO_JH",A
ATRX,COAD/READ,IntOGen,"COADREAD_TCGA,CO_JH",A
BRAF,COAD/READ,IntOGen,"COADREAD_TCGA,CO_JH",A
CASP8,COAD/READ,IntOGen,"COADREAD_TCGA,CO_JH",A
CDKN1B,COAD/READ,IntOGen,"COADREAD_TCGA,CO_JH",A
CHD4,COAD/READ,IntOGen,"COADREAD_TCGA,CO_JH",A
CTCF,COAD/READ,IntOGen,"COADREAD_TCGA,CO_JH",A
CTNNB1,COAD/READ,IntOGen,"COADREAD_TCGA,CO_JH",A
DNMT3A,COAD/READ,IntOGen,"COADREAD_TCGA,CO_JH",A
EGFR,COAD/READ,IntOGen,"COADREAD_TCGA,CO_JH",A
ELF3,COAD/READ,IntOGen,"COADREAD_TCGA,CO_JH",A
FAM123B,COAD/READ,IntOGen,"COADREAD_TCGA,CO_JH",A
FBXW7,COAD/READ,IntOGen,"COADREAD_TCGA,CO_JH",A
GATA3,COAD/READ,IntOGen,"COADREAD_TCGA,CO_JH",A
GNAS,COAD/READ,IntOGen,"COADREAD_TCGA,CO_JH",A
IDH2,COAD/READ,IntOGen,"COADREAD_TCGA,CO_JH",A
KRAS,COAD/READ,IntOGen,"COADREAD_TCGA,CO_JH",A
LPHN2,COAD/READ,IntOGen,"COADREAD_TCGA,CO_JH",A
MAP2K1,COAD/READ,IntOGen,"COADREAD_TCGA,CO_JH",A
MLL2,COAD/READ,IntOGen,"COADREAD_TCGA,CO_JH",A
NF1,COAD/READ,IntOGen,"COADREAD_TCGA,CO_JH",A
NRAS,COAD/READ,IntOGen,"COADREAD_TCGA,CO_JH",A
PIK3CA,COAD/READ,IntOGen,"COADREAD_TCGA,CO_JH",A
PIK3R1,COAD/READ,IntOGen,"COADREAD_TCGA,CO_JH",A
PTEN,COAD/READ,IntOGen,"COADREAD_TCGA,CO_JH",A
RUNX1,COAD/READ,IntOGen,"COADREAD_TCGA,CO_JH",A
SMAD2,COAD/READ,IntOGen,"COADREAD_TCGA,CO_JH",A
SMAD4,COAD/READ,IntOGen,"COADREAD_TCGA,CO_JH",A
SOX9,COAD/READ,IntOGen,"COADREAD_TCGA,CO_JH",A
STAG2,COAD/READ,IntOGen,"COADREAD_TCGA,CO_JH",A
TCF7L2,COAD/READ,IntOGen,"COADREAD_TCGA,CO_JH",A
TP53,COAD/READ,IntOGen,"COADREAD_TCGA,CO_JH",A
WT1,COAD/READ,IntOGen,"COADREAD_TCGA,CO_JH",A
ACSL6,COAD/READ,IntOGen,"COADREAD_TCGA,CO_JH",B
AKAP9,COAD/READ,IntOGen,"COADREAD_TCGA,CO_JH",B
BCOR,COAD/READ,IntOGen,"COADREAD_TCGA,CO_JH",B
CDC73,COAD/READ,IntOGen,"COADREAD_TCGA,CO_JH",B
CDK12,COAD/READ,IntOGen,"COADREAD_TCGA,CO_JH",B
CREBBP,COAD/READ,IntOGen,"COADREAD_TCGA,CO_JH",B
FOXP1,COAD/READ,IntOGen,"COADREAD_TCGA,CO_JH",B
GOLGA5,COAD/READ,IntOGen,"COADREAD_TCGA,CO_JH",B
MECOM,COAD/READ,IntOGen,"COADREAD_TCGA,CO_JH",B
MED12,COAD/READ,IntOGen,"COADREAD_TCGA,CO_JH",B
NUP98,COAD/READ,IntOGen,"COADREAD_TCGA,CO_JH",B
PPP2R1A,COAD/READ,IntOGen,"COADREAD_TCGA,CO_JH",B
PTPN11,COAD/READ,IntOGen,"COADREAD_TCGA,CO_JH",B
SF3B1,COAD/READ,IntOGen,"COADREAD_TCGA,CO_JH",B
SRGAP3,COAD/READ,IntOGen,"COADREAD_TCGA,CO_JH",B
TCF12,COAD/READ,IntOGen,"COADREAD_TCGA,CO_JH",B
TGFBR2,COAD/READ,IntOGen,"COADREAD_TCGA,CO_JH",B
ACO1,COAD/READ,IntOGen,"COADREAD_TCGA,CO_JH",C
ACVR1B,COAD/READ,IntOGen,"COADREAD_TCGA,CO_JH",C
ARNTL,COAD/READ,IntOGen,"COADREAD_TCGA,CO_JH",C
ASPM,COAD/READ,IntOGen,"COADREAD_TCGA,CO_JH",C
AXIN2,COAD/READ,IntOGen,"COADREAD_TCGA,CO_JH",C
BMPR2,COAD/READ,IntOGen,"COADREAD_TCGA,CO_JH",C
BPTF,COAD/READ,IntOGen,"COADREAD_TCGA,CO_JH",C
BRWD1,COAD/READ,IntOGen,"COADREAD_TCGA,CO_JH",C
CAD,COAD/READ,IntOGen,"COADREAD_TCGA,CO_JH",C
CEP290,COAD/READ,IntOGen,"COADREAD_TCGA,CO_JH",C
CHD9,COAD/READ,IntOGen,"COADREAD_TCGA,CO_JH",C
CLSPN,COAD/READ,IntOGen,"COADREAD_TCGA,CO_JH",C
CNOT1,COAD/READ,IntOGen,"COADREAD_TCGA,CO_JH",C
CUL1,COAD/READ,IntOGen,"COADREAD_TCGA,CO_JH",C
DIS3,COAD/READ,IntOGen,"COADREAD_TCGA,CO_JH",C
FN1,COAD/READ,IntOGen,"COADREAD_TCGA,CO_JH",C
FXR1,COAD/READ,IntOGen,"COADREAD_TCGA,CO_JH",C
ITSN1,COAD/READ,IntOGen,"COADREAD_TCGA,CO_JH",C
MAP3K4,COAD/READ,IntOGen,"COADREAD_TCGA,CO_JH",C
MED24,COAD/READ,IntOGen,"COADREAD_TCGA,CO_JH",C
MGA,COAD/READ,IntOGen,"COADREAD_TCGA,CO_JH",C
MSR1,COAD/READ,IntOGen,"COADREAD_TCGA,CO_JH",C
MYH10,COAD/READ,IntOGen,"COADREAD_TCGA,CO_JH",C
NR2F2,COAD/READ,IntOGen,"COADREAD_TCGA,CO_JH",C
NR4A2,COAD/READ,IntOGen,"COADREAD_TCGA,CO_JH",C
NTN4,COAD/READ,IntOGen,"COADREAD_TCGA,CO_JH",C
NUP107,COAD/READ,IntOGen,"COADREAD_TCGA,CO_JH",C
PCBP1,COAD/READ,IntOGen,"COADREAD_TCGA,CO_JH",C
POLR2B,COAD/READ,IntOGen,"COADREAD_TCGA,CO_JH",C
PTGS1,COAD/READ,IntOGen,"COADREAD_TCGA,CO_JH",C
PTPRU,COAD/READ,IntOGen,"COADREAD_TCGA,CO_JH",C
RAD21,COAD/READ,IntOGen,"COADREAD_TCGA,CO_JH",C
RBM10,COAD/READ,IntOGen,"COADREAD_TCGA,CO_JH",C
RTN4,COAD/READ,IntOGen,"COADREAD_TCGA,CO_JH",C
SMC1A,COAD/READ,IntOGen,"COADREAD_TCGA,CO_JH",C
SOS2,COAD/READ,IntOGen,"COADREAD_TCGA,CO_JH",C
SYNCRIP,COAD/READ,IntOGen,"COADREAD_TCGA,CO_JH",C
TAF1,COAD/READ,IntOGen,"COADREAD_TCGA,CO_JH",C
TBX3,COAD/READ,IntOGen,"COADREAD_TCGA,CO_JH",C
TP53BP1,COAD/READ,IntOGen,"COADREAD_TCGA,CO_JH",C
TRIO,COAD/READ,IntOGen,"COADREAD_TCGA,CO_JH",C
WIPF1,COAD/READ,IntOGen,"COADREAD_TCGA,CO_JH",C
ZC3H11A,COAD/READ,IntOGen,"COADREAD_TCGA,CO_JH",C
ARID1A,DLBC,IntOGen,BCell_Lymp,A
CHD4,DLBC,IntOGen,BCell_Lymp,A
CREBBP,DLBC,IntOGen,BCell_Lymp,A
MLL2,DLBC,IntOGen,BCell_Lymp,A
TP53,DLBC,IntOGen,BCell_Lymp,A
AKAP9,DLBC,IntOGen,BCell_Lymp,B
FBXO11,DLBC,IntOGen,BCell_Lymp,B
MYC,DLBC,IntOGen,BCell_Lymp,B
SMARCA4,DLBC,IntOGen,BCell_Lymp,B
ACTB,DLBC,IntOGen,BCell_Lymp,C
ARID1A,ESCA,IntOGen,ESO_DFCI,A
ARID2,ESCA,IntOGen,ESO_DFCI,A
ATM,ESCA,IntOGen,ESO_DFCI,A
ATRX,ESCA,IntOGen,ESO_DFCI,A
BAP1,ESCA,IntOGen,ESO_DFCI,A
CDH1,ESCA,IntOGen,ESO_DFCI,A
CDKN1B,ESCA,IntOGen,ESO_DFCI,A
CDKN2A,ESCA,IntOGen,ESO_DFCI,A
CHD4,ESCA,IntOGen,ESO_DFCI,A
CIC,ESCA,IntOGen,ESO_DFCI,A
CTNNB1,ESCA,IntOGen,ESO_DFCI,A
DDX5,ESCA,IntOGen,ESO_DFCI,A
EEF1A1,ESCA,IntOGen,ESO_DFCI,A
EGFR,ESCA,IntOGen,ESO_DFCI,A
ELF3,ESCA,IntOGen,ESO_DFCI,A
FBXW7,ESCA,IntOGen,ESO_DFCI,A
KDM6A,ESCA,IntOGen,ESO_DFCI,A
MAP2K4,ESCA,IntOGen,ESO_DFCI,A
MLL2,ESCA,IntOGen,ESO_DFCI,A
MTOR,ESCA,IntOGen,ESO_DFCI,A
NFE2L2,ESCA,IntOGen,ESO_DFCI,A
PIK3CA,ESCA,IntOGen,ESO_DFCI,A
RHOA,ESCA,IntOGen,ESO_DFCI,A
SETD2,ESCA,IntOGen,ESO_DFCI,A
SMAD4,ESCA,IntOGen,ESO_DFCI,A
TP53,ESCA,IntOGen,ESO_DFCI,A
WT1,ESCA,IntOGen,ESO_DFCI,A
ACSL6,ESCA,IntOGen,ESO_DFCI,B
AFF4,ESCA,IntOGen,ESO_DFCI,B
ARHGAP26,ESCA,IntOGen,ESO_DFCI,B
BLM,ESCA,IntOGen,ESO_DFCI,B
CLTC,ESCA,IntOGen,ESO_DFCI,B
CREBBP,ESCA,IntOGen,ESO_DFCI,B
EP300,ESCA,IntOGen,ESO_DFCI,B
ERCC2,ESCA,IntOGen,ESO_DFCI,B
EZH2,ESCA,IntOGen,ESO_DFCI,B
FGFR2,ESCA,IntOGen,ESO_DFCI,B
FLT3,ESCA,IntOGen,ESO_DFCI,B
MED12,ESCA,IntOGen,ESO_DFCI,B
MET,ESCA,IntOGen,ESO_DFCI,B
MGA,ESCA,IntOGen,ESO_DFCI,B
NSD1,ESCA,IntOGen,ESO_DFCI,B
NUP98,ESCA,IntOGen,ESO_DFCI,B
PAX5,ESCA,IntOGen,ESO_DFCI,B
SF3B1,ESCA,IntOGen,ESO_DFCI,B
SMARCA4,ESCA,IntOGen,ESO_DFCI,B
SRGAP3,ESCA,IntOGen,ESO_DFCI,B
ACO1,ESCA,IntOGen,ESO_DFCI,C
ACVR1B,ESCA,IntOGen,ESO_DFCI,C
ADAM10,ESCA,IntOGen,ESO_DFCI,C
AHR,ESCA,IntOGen,ESO_DFCI,C
ARFGEF2,ESCA,IntOGen,ESO_DFCI,C
ARHGAP35,ESCA,IntOGen,ESO_DFCI,C
ARNTL,ESCA,IntOGen,ESO_DFCI,C
ASPM,ESCA,IntOGen,ESO_DFCI,C
ATR,ESCA,IntOGen,ESO_DFCI,C
BCLAF1,ESCA,IntOGen,ESO_DFCI,C
BPTF,ESCA,IntOGen,ESO_DFCI,C
CAPN7,ESCA,IntOGen,ESO_DFCI,C
CEP290,ESCA,IntOGen,ESO_DFCI,C
CNOT1,ESCA,IntOGen,ESO_DFCI,C
CNOT3,ESCA,IntOGen,ESO_DFCI,C
CSNK1G3,ESCA,IntOGen,ESO_DFCI,C
CUL3,ESCA,IntOGen,ESO_DFCI,C
DLG1,ESCA,IntOGen,ESO_DFCI,C
EIF2AK3,ESCA,IntOGen,ESO_DFCI,C
EIF4G1,ESCA,IntOGen,ESO_DFCI,C
ERBB2IP,ESCA,IntOGen,ESO_DFCI,C
HGF,ESCA,IntOGen,ESO_DFCI,C
HLA-B,ESCA,IntOGen,ESO_DFCI,C
IREB2,ESCA,IntOGen,ESO_DFCI,C
IRS2,ESCA,IntOGen,ESO_DFCI,C
ITSN1,ESCA,IntOGen,ESO_DFCI,C
KALRN,ESCA,IntOGen,ESO_DFCI,C
LRP6,ESCA,IntOGen,ESO_DFCI,C
MACF1,ESCA,IntOGen,ESO_DFCI,C
MAP3K4,ESCA,IntOGen,ESO_DFCI,C
MSR1,ESCA,IntOGen,ESO_DFCI,C
NCKAP1,ESCA,IntOGen,ESO_DFCI,C
NUP107,ESCA,IntOGen,ESO_DFCI,C
PTPRU,ESCA,IntOGen,ESO_DFCI,C
RAD21,ESCA,IntOGen,ESO_DFCI,C
RBM10,ESCA,IntOGen,ESO_DFCI,C
RTN4,ESCA,IntOGen,ESO_DFCI,C
SHMT1,ESCA,IntOGen,ESO_DFCI,C
SMC1A,ESCA,IntOGen,ESO_DFCI,C
SOX9,ESCA,IntOGen,ESO_DFCI,C
SPTAN1,ESCA,IntOGen,ESO_DFCI,C
SYNCRIP,ESCA,IntOGen,ESO_DFCI,C
TAF1,ESCA,IntOGen,ESO_DFCI,C
TAOK1,ESCA,IntOGen,ESO_DFCI,C
TAOK2,ESCA,IntOGen,ESO_DFCI,C
TBX3,ESCA,IntOGen,ESO_DFCI,C
TP53BP1,ESCA,IntOGen,ESO_DFCI,C
TRIO,ESCA,IntOGen,ESO_DFCI,C
ZC3H11A,ESCA,IntOGen,ESO_DFCI,C
ZFP36L2,ESCA,IntOGen,ESO_DFCI,C
ZNF814,ESCA,IntOGen,ESO_DFCI,C
ARID1A,GBM,IntOGen,"GBM_JH,GBM_TCGA",A
ARID2,GBM,IntOGen,"GBM_JH,GBM_TCGA",A
ATRX,GBM,IntOGen,"GBM_JH,GBM_TCGA",A
BAP1,GBM,IntOGen,"GBM_JH,GBM_TCGA",A
BRAF,GBM,IntOGen,"GBM_JH,GBM_TCGA",A
EGFR,GBM,IntOGen,"GBM_JH,GBM_TCGA",A
FAT1,GBM,IntOGen,"GBM_JH,GBM_TCGA",A
FRG1B*,GBM,IntOGen,"GBM_JH,GBM_TCGA",A
IDH1,GBM,IntOGen,"GBM_JH,GBM_TCGA",A
KDM5C,GBM,IntOGen,"GBM_JH,GBM_TCGA",A
KDM6A,GBM,IntOGen,"GBM_JH,GBM_TCGA",A
KRAS,GBM,IntOGen,"GBM_JH,GBM_TCGA",A
NF1,GBM,IntOGen,"GBM_JH,GBM_TCGA",A
PBRM1,GBM,IntOGen,"GBM_JH,GBM_TCGA",A
PIK3CA,GBM,IntOGen,"GBM_JH,GBM_TCGA",A
PIK3R1,GBM,IntOGen,"GBM_JH,GBM_TCGA",A
PTEN,GBM,IntOGen,"GBM_JH,GBM_TCGA",A
RB1,GBM,IntOGen,"GBM_JH,GBM_TCGA",A
RPL5,GBM,IntOGen,"GBM_JH,GBM_TCGA",A
RPSAP58,GBM,IntOGen,"GBM_JH,GBM_TCGA",A
STAG2,GBM,IntOGen,"GBM_JH,GBM_TCGA",A
TP53,GBM,IntOGen,"GBM_JH,GBM_TCGA",A
WT1,GBM,IntOGen,"GBM_JH,GBM_TCGA",A
ZNF814,GBM,IntOGen,"GBM_JH,GBM_TCGA",A
AKAP9,GBM,IntOGen,"GBM_JH,GBM_TCGA",B
BRCA1,GBM,IntOGen,"GBM_JH,GBM_TCGA",B
CLTC,GBM,IntOGen,"GBM_JH,GBM_TCGA",B
EZH2,GBM,IntOGen,"GBM_JH,GBM_TCGA",B
HSP90AB1,GBM,IntOGen,"GBM_JH,GBM_TCGA",B
KDR,GBM,IntOGen,"GBM_JH,GBM_TCGA",B
MEN1,GBM,IntOGen,"GBM_JH,GBM_TCGA",B
MET,GBM,IntOGen,"GBM_JH,GBM_TCGA",B
MLL,GBM,IntOGen,"GBM_JH,GBM_TCGA",B
PAX5,GBM,IntOGen,"GBM_JH,GBM_TCGA",B
PTPN11,GBM,IntOGen,"GBM_JH,GBM_TCGA",B
SF3B1,GBM,IntOGen,"GBM_JH,GBM_TCGA",B
ABCB1*,GBM,IntOGen,"GBM_JH,GBM_TCGA",C
ACAD8,GBM,IntOGen,"GBM_JH,GBM_TCGA",C
ADAM10,GBM,IntOGen,"GBM_JH,GBM_TCGA",C
ANK3,GBM,IntOGen,"GBM_JH,GBM_TCGA",C
AQR,GBM,IntOGen,"GBM_JH,GBM_TCGA",C
ARFGEF2,GBM,IntOGen,"GBM_JH,GBM_TCGA",C
ARHGAP35,GBM,IntOGen,"GBM_JH,GBM_TCGA",C
ARHGEF6,GBM,IntOGen,"GBM_JH,GBM_TCGA",C
BPTF,GBM,IntOGen,"GBM_JH,GBM_TCGA",C
CAD,GBM,IntOGen,"GBM_JH,GBM_TCGA",C
CARM1,GBM,IntOGen,"GBM_JH,GBM_TCGA",C
CASP1,GBM,IntOGen,"GBM_JH,GBM_TCGA",C
CHD8,GBM,IntOGen,"GBM_JH,GBM_TCGA",C
CLOCK,GBM,IntOGen,"GBM_JH,GBM_TCGA",C
CNOT1,GBM,IntOGen,"GBM_JH,GBM_TCGA",C
CSDE1,GBM,IntOGen,"GBM_JH,GBM_TCGA",C
CUL1,GBM,IntOGen,"GBM_JH,GBM_TCGA",C
DIS3,GBM,IntOGen,"GBM_JH,GBM_TCGA",C
FN1,GBM,IntOGen,"GBM_JH,GBM_TCGA",C
HDAC9,GBM,IntOGen,"GBM_JH,GBM_TCGA",C
KALRN,GBM,IntOGen,"GBM_JH,GBM_TCGA",C
LRP6,GBM,IntOGen,"GBM_JH,GBM_TCGA",C
MAP3K4,GBM,IntOGen,"GBM_JH,GBM_TCGA",C
MAP4K3,GBM,IntOGen,"GBM_JH,GBM_TCGA",C
MAX,GBM,IntOGen,"GBM_JH,GBM_TCGA",C
NCF2,GBM,IntOGen,"GBM_JH,GBM_TCGA",C
NCOR1,GBM,IntOGen,"GBM_JH,GBM_TCGA",C
NEDD4L,GBM,IntOGen,"GBM_JH,GBM_TCGA",C
NFATC4,GBM,IntOGen,"GBM_JH,GBM_TCGA",C
NR2F2,GBM,IntOGen,"GBM_JH,GBM_TCGA",C
NUP107,GBM,IntOGen,"GBM_JH,GBM_TCGA",C
PCDH18,GBM,IntOGen,"GBM_JH,GBM_TCGA",C
PIK3CB,GBM,IntOGen,"GBM_JH,GBM_TCGA",C
PRPF8,GBM,IntOGen,"GBM_JH,GBM_TCGA",C
SIN3A,GBM,IntOGen,"GBM_JH,GBM_TCGA",C
SOS1,GBM,IntOGen,"GBM_JH,GBM_TCGA",C
SOX9,GBM,IntOGen,"GBM_JH,GBM_TCGA",C
SPTAN1,GBM,IntOGen,"GBM_JH,GBM_TCGA",C
TGFBR2,GBM,IntOGen,"GBM_JH,GBM_TCGA",C
TJP1,GBM,IntOGen,"GBM_JH,GBM_TCGA",C
TRIO,GBM,IntOGen,"GBM_JH,GBM_TCGA",C
ACTG1,HNSC,IntOGen,"HNSC_Broad,HNSC_TCGA",A
ACVR2A,HNSC,IntOGen,"HNSC_Broad,HNSC_TCGA",A
AKT1,HNSC,IntOGen,"HNSC_Broad,HNSC_TCGA",A
APC,HNSC,IntOGen,"HNSC_Broad,HNSC_TCGA",A
ARID2,HNSC,IntOGen,"HNSC_Broad,HNSC_TCGA",A
ATM,HNSC,IntOGen,"HNSC_Broad,HNSC_TCGA",A
ATRX,HNSC,IntOGen,"HNSC_Broad,HNSC_TCGA",A
B2M,HNSC,IntOGen,"HNSC_Broad,HNSC_TCGA",A
BAP1,HNSC,IntOGen,"HNSC_Broad,HNSC_TCGA",A
BRAF,HNSC,IntOGen,"HNSC_Broad,HNSC_TCGA",A
CASP8,HNSC,IntOGen,"HNSC_Broad,HNSC_TCGA",A
CDH1,HNSC,IntOGen,"HNSC_Broad,HNSC_TCGA",A
CDKN1B,HNSC,IntOGen,"HNSC_Broad,HNSC_TCGA",A
CDKN2A,HNSC,IntOGen,"HNSC_Broad,HNSC_TCGA",A
CNOT4,HNSC,IntOGen,"HNSC_Broad,HNSC_TCGA",A
CSNK2A1,HNSC,IntOGen,"HNSC_Broad,HNSC_TCGA",A
CTCF,HNSC,IntOGen,"HNSC_Broad,HNSC_TCGA",A
CTNNB1,HNSC,IntOGen,"HNSC_Broad,HNSC_TCGA",A
DNMT3A,HNSC,IntOGen,"HNSC_Broad,HNSC_TCGA",A
EEF1A1,HNSC,IntOGen,"HNSC_Broad,HNSC_TCGA",A
EGFR,HNSC,IntOGen,"HNSC_Broad,HNSC_TCGA",A
EPHA2,HNSC,IntOGen,"HNSC_Broad,HNSC_TCGA",A
FAT1,HNSC,IntOGen,"HNSC_Broad,HNSC_TCGA",A
FBXW7,HNSC,IntOGen,"HNSC_Broad,HNSC_TCGA",A
FRG1B*,HNSC,IntOGen,"HNSC_Broad,HNSC_TCGA",A
FUBP1,HNSC,IntOGen,"HNSC_Broad,HNSC_TCGA",A
HRAS,HNSC,IntOGen,"HNSC_Broad,HNSC_TCGA",A
KDM5C,HNSC,IntOGen,"HNSC_Broad,HNSC_TCGA",A
KDM6A,HNSC,IntOGen,"HNSC_Broad,HNSC_TCGA",A
MAP3K1,HNSC,IntOGen,"HNSC_Broad,HNSC_TCGA",A
MGA,HNSC,IntOGen,"HNSC_Broad,HNSC_TCGA",A
MLL2,HNSC,IntOGen,"HNSC_Broad,HNSC_TCGA",A
NCOR1,HNSC,IntOGen,"HNSC_Broad,HNSC_TCGA",A
NF1,HNSC,IntOGen,"HNSC_Broad,HNSC_TCGA",A
NFE2L2,HNSC,IntOGen,"HNSC_Broad,HNSC_TCGA",A
NOTCH1,HNSC,IntOGen,"HNSC_Broad,HNSC_TCGA",A
NSD1,HNSC,IntOGen,"HNSC_Broad,HNSC_TCGA",A
PBRM1,HNSC,IntOGen,"HNSC_Broad,HNSC_TCGA",A
PIK3CA,HNSC,IntOGen,"HNSC_Broad,HNSC_TCGA",A
PIK3R1,HNSC,IntOGen,"HNSC_Broad,HNSC_TCGA",A
RAC1,HNSC,IntOGen,"HNSC_Broad,HNSC_TCGA",A
RASA1,HNSC,IntOGen,"HNSC_Broad,HNSC_TCGA",A
RHOA,HNSC,IntOGen,"HNSC_Broad,HNSC_TCGA",A
RPL22,HNSC,IntOGen,"HNSC_Broad,HNSC_TCGA",A
RPSAP58,HNSC,IntOGen,"HNSC_Broad,HNSC_TCGA",A
RUNX1,HNSC,IntOGen,"HNSC_Broad,HNSC_TCGA",A
SMAD2,HNSC,IntOGen,"HNSC_Broad,HNSC_TCGA",A
SPOP,HNSC,IntOGen,"HNSC_Broad,HNSC_TCGA",A
STAG2,HNSC,IntOGen,"HNSC_Broad,HNSC_TCGA",A
TBL1XR1,HNSC,IntOGen,"HNSC_Broad,HNSC_TCGA",A
TGFBR2,HNSC,IntOGen,"HNSC_Broad,HNSC_TCGA",A
TP53,HNSC,IntOGen,"HNSC_Broad,HNSC_TCGA",A
U2AF1,HNSC,IntOGen,"HNSC_Broad,HNSC_TCGA",A
ZNF750,HNSC,IntOGen,"HNSC_Broad,HNSC_TCGA",A
ATIC,HNSC,IntOGen,"HNSC_Broad,HNSC_TCGA",B
BCL11A,HNSC,IntOGen,"HNSC_Broad,HNSC_TCGA",B
BRCA1,HNSC,IntOGen,"HNSC_Broad,HNSC_TCGA",B
CDK12,HNSC,IntOGen,"HNSC_Broad,HNSC_TCGA",B
CIITA,HNSC,IntOGen,"HNSC_Broad,HNSC_TCGA",B
COL1A1,HNSC,IntOGen,"HNSC_Broad,HNSC_TCGA",B
CYLD,HNSC,IntOGen,"HNSC_Broad,HNSC_TCGA",B
DICER1,HNSC,IntOGen,"HNSC_Broad,HNSC_TCGA",B
ELF4,HNSC,IntOGen,"HNSC_Broad,HNSC_TCGA",B
EP300,HNSC,IntOGen,"HNSC_Broad,HNSC_TCGA",B
EZH2,HNSC,IntOGen,"HNSC_Broad,HNSC_TCGA",B
FGFR2,HNSC,IntOGen,"HNSC_Broad,HNSC_TCGA",B
FLT3,HNSC,IntOGen,"HNSC_Broad,HNSC_TCGA",B
FOXP1,HNSC,IntOGen,"HNSC_Broad,HNSC_TCGA",B
GNAS,HNSC,IntOGen,"HNSC_Broad,HNSC_TCGA",B
KLF6,HNSC,IntOGen,"HNSC_Broad,HNSC_TCGA",B
MEN1,HNSC,IntOGen,"HNSC_Broad,HNSC_TCGA",B
MLL,HNSC,IntOGen,"HNSC_Broad,HNSC_TCGA",B
MYH9,HNSC,IntOGen,"HNSC_Broad,HNSC_TCGA",B
NOTCH2,HNSC,IntOGen,"HNSC_Broad,HNSC_TCGA",B
PAX5,HNSC,IntOGen,"HNSC_Broad,HNSC_TCGA",B
PPP2R1A,HNSC,IntOGen,"HNSC_Broad,HNSC_TCGA",B
PRRX1,HNSC,IntOGen,"HNSC_Broad,HNSC_TCGA",B
PSIP1,HNSC,IntOGen,"HNSC_Broad,HNSC_TCGA",B
SF3B1,HNSC,IntOGen,"HNSC_Broad,HNSC_TCGA",B
SMARCA4,HNSC,IntOGen,"HNSC_Broad,HNSC_TCGA",B
TCF12,HNSC,IntOGen,"HNSC_Broad,HNSC_TCGA",B
THRAP3,HNSC,IntOGen,"HNSC_Broad,HNSC_TCGA",B
WHSC1,HNSC,IntOGen,"HNSC_Broad,HNSC_TCGA",B
ACAD8,HNSC,IntOGen,"HNSC_Broad,HNSC_TCGA",C
ACTB,HNSC,IntOGen,"HNSC_Broad,HNSC_TCGA",C
ADAM10,HNSC,IntOGen,"HNSC_Broad,HNSC_TCGA",C
AHR,HNSC,IntOGen,"HNSC_Broad,HNSC_TCGA",C
APAF1,HNSC,IntOGen,"HNSC_Broad,HNSC_TCGA",C
ARFGAP1,HNSC,IntOGen,"HNSC_Broad,HNSC_TCGA",C
ARFGEF2,HNSC,IntOGen,"HNSC_Broad,HNSC_TCGA",C
ARHGAP35,HNSC,IntOGen,"HNSC_Broad,HNSC_TCGA",C
ARHGEF6,HNSC,IntOGen,"HNSC_Broad,HNSC_TCGA",C
ARID1B,HNSC,IntOGen,"HNSC_Broad,HNSC_TCGA",C
ATP6AP2,HNSC,IntOGen,"HNSC_Broad,HNSC_TCGA",C
ATR,HNSC,IntOGen,"HNSC_Broad,HNSC_TCGA",C
BAZ2B,HNSC,IntOGen,"HNSC_Broad,HNSC_TCGA",C
BMPR2,HNSC,IntOGen,"HNSC_Broad,HNSC_TCGA",C
BNC2,HNSC,IntOGen,"HNSC_Broad,HNSC_TCGA",C
BPTF,HNSC,IntOGen,"HNSC_Broad,HNSC_TCGA",C
BRWD1,HNSC,IntOGen,"HNSC_Broad,HNSC_TCGA",C
CAD,HNSC,IntOGen,"HNSC_Broad,HNSC_TCGA",C
CARM1,HNSC,IntOGen,"HNSC_Broad,HNSC_TCGA",C
CASP1,HNSC,IntOGen,"HNSC_Broad,HNSC_TCGA",C
CAT,HNSC,IntOGen,"HNSC_Broad,HNSC_TCGA",C
CCAR1,HNSC,IntOGen,"HNSC_Broad,HNSC_TCGA",C
CCT5,HNSC,IntOGen,"HNSC_Broad,HNSC_TCGA",C
CEP290,HNSC,IntOGen,"HNSC_Broad,HNSC_TCGA",C
CHD9,HNSC,IntOGen,"HNSC_Broad,HNSC_TCGA",C
CLASP2,HNSC,IntOGen,"HNSC_Broad,HNSC_TCGA",C
CLSPN,HNSC,IntOGen,"HNSC_Broad,HNSC_TCGA",C
CUL1,HNSC,IntOGen,"HNSC_Broad,HNSC_TCGA",C
CUL3,HNSC,IntOGen,"HNSC_Broad,HNSC_TCGA",C
DDX3X,HNSC,IntOGen,"HNSC_Broad,HNSC_TCGA",C
EIF2C3,HNSC,IntOGen,"HNSC_Broad,HNSC_TCGA",C
ELF1,HNSC,IntOGen,"HNSC_Broad,HNSC_TCGA",C
FAT2,HNSC,IntOGen,"HNSC_Broad,HNSC_TCGA",C
FMR1,HNSC,IntOGen,"HNSC_Broad,HNSC_TCGA",C
FN1,HNSC,IntOGen,"HNSC_Broad,HNSC_TCGA",C
G3BP2,HNSC,IntOGen,"HNSC_Broad,HNSC_TCGA",C
GPSM2,HNSC,IntOGen,"HNSC_Broad,HNSC_TCGA",C
HLA-A,HNSC,IntOGen,"HNSC_Broad,HNSC_TCGA",C
HLA-B,HNSC,IntOGen,"HNSC_Broad,HNSC_TCGA",C
HNRPDL,HNSC,IntOGen,"HNSC_Broad,HNSC_TCGA",C
HSPA8,HNSC,IntOGen,"HNSC_Broad,HNSC_TCGA",C
IREB2,HNSC,IntOGen,"HNSC_Broad,HNSC_TCGA",C
IRF6,HNSC,IntOGen,"HNSC_Broad,HNSC_TCGA",C
IRS2,HNSC,IntOGen,"HNSC_Broad,HNSC_TCGA",C
KALRN,HNSC,IntOGen,"HNSC_Broad,HNSC_TCGA",C
LAMA2,HNSC,IntOGen,"HNSC_Broad,HNSC_TCGA",C
LPHN2,HNSC,IntOGen,"HNSC_Broad,HNSC_TCGA",C
MACF1,HNSC,IntOGen,"HNSC_Broad,HNSC_TCGA",C
MAP4K3,HNSC,IntOGen,"HNSC_Broad,HNSC_TCGA",C
MED17,HNSC,IntOGen,"HNSC_Broad,HNSC_TCGA",C
MEF2C,HNSC,IntOGen,"HNSC_Broad,HNSC_TCGA",C
MGMT,HNSC,IntOGen,"HNSC_Broad,HNSC_TCGA",C
MSR1,HNSC,IntOGen,"HNSC_Broad,HNSC_TCGA",C
MTOR,HNSC,IntOGen,"HNSC_Broad,HNSC_TCGA",C
MUC20,HNSC,IntOGen,"HNSC_Broad,HNSC_TCGA",C
NCF2,HNSC,IntOGen,"HNSC_Broad,HNSC_TCGA",C
NCKAP1,HNSC,IntOGen,"HNSC_Broad,HNSC_TCGA",C
NEDD4L,HNSC,IntOGen,"HNSC_Broad,HNSC_TCGA",C
NFATC4,HNSC,IntOGen,"HNSC_Broad,HNSC_TCGA",C
NR4A2,HNSC,IntOGen,"HNSC_Broad,HNSC_TCGA",C
NUP107,HNSC,IntOGen,"HNSC_Broad,HNSC_TCGA",C
PABPC3,HNSC,IntOGen,"HNSC_Broad,HNSC_TCGA",C
PCDH18,HNSC,IntOGen,"HNSC_Broad,HNSC_TCGA",C
PIK3R3,HNSC,IntOGen,"HNSC_Broad,HNSC_TCGA",C
POLR2B,HNSC,IntOGen,"HNSC_Broad,HNSC_TCGA",C
PPP2R5C,HNSC,IntOGen,"HNSC_Broad,HNSC_TCGA",C
PRPF8,HNSC,IntOGen,"HNSC_Broad,HNSC_TCGA",C
RAD21,HNSC,IntOGen,"HNSC_Broad,HNSC_TCGA",C
RASGRP1,HNSC,IntOGen,"HNSC_Broad,HNSC_TCGA",C
SEC24D,HNSC,IntOGen,"HNSC_Broad,HNSC_TCGA",C
SIN3A,HNSC,IntOGen,"HNSC_Broad,HNSC_TCGA",C
SMC1A,HNSC,IntOGen,"HNSC_Broad,HNSC_TCGA",C
SOX9,HNSC,IntOGen,"HNSC_Broad,HNSC_TCGA",C
SPTAN1,HNSC,IntOGen,"HNSC_Broad,HNSC_TCGA",C
STIP1,HNSC,IntOGen,"HNSC_Broad,HNSC_TCGA",C
TAOK1,HNSC,IntOGen,"HNSC_Broad,HNSC_TCGA",C
TAOK2,HNSC,IntOGen,"HNSC_Broad,HNSC_TCGA",C
TBX3,HNSC,IntOGen,"HNSC_Broad,HNSC_TCGA",C
TCF4,HNSC,IntOGen,"HNSC_Broad,HNSC_TCGA",C
TFDP1,HNSC,IntOGen,"HNSC_Broad,HNSC_TCGA",C
TFDP2,HNSC,IntOGen,"HNSC_Broad,HNSC_TCGA",C
TJP2,HNSC,IntOGen,"HNSC_Broad,HNSC_TCGA",C
TRIO,HNSC,IntOGen,"HNSC_Broad,HNSC_TCGA",C
TRIP10,HNSC,IntOGen,"HNSC_Broad,HNSC_TCGA",C
ZC3H11A,HNSC,IntOGen,"HNSC_Broad,HNSC_TCGA",C
ACTG1,KIRC,IntOGen,KIRC_TCGA,A
AKT1,KIRC,IntOGen,KIRC_TCGA,A
ARID1A,KIRC,IntOGen,KIRC_TCGA,A
ARID2,KIRC,IntOGen,KIRC_TCGA,A
ATM,KIRC,IntOGen,KIRC_TCGA,A
BAP1,KIRC,IntOGen,KIRC_TCGA,A
CDH1,KIRC,IntOGen,KIRC_TCGA,A
CNOT4,KIRC,IntOGen,KIRC_TCGA,A
CTCF,KIRC,IntOGen,KIRC_TCGA,A
DDX5,KIRC,IntOGen,KIRC_TCGA,A
EEF1A1,KIRC,IntOGen,KIRC_TCGA,A
EGFR,KIRC,IntOGen,KIRC_TCGA,A
IDH1,KIRC,IntOGen,KIRC_TCGA,A
KDM5C,KIRC,IntOGen,KIRC_TCGA,A
KDM6A,KIRC,IntOGen,KIRC_TCGA,A
KEAP1,KIRC,IntOGen,KIRC_TCGA,A
MLL3,KIRC,IntOGen,KIRC_TCGA,A
MTOR,KIRC,IntOGen,KIRC_TCGA,A
NFE2L2,KIRC,IntOGen,KIRC_TCGA,A
PABPC1,KIRC,IntOGen,KIRC_TCGA,A
PBRM1,KIRC,IntOGen,KIRC_TCGA,A
PHF6,KIRC,IntOGen,KIRC_TCGA,A
PIK3R1,KIRC,IntOGen,KIRC_TCGA,A
PTEN,KIRC,IntOGen,KIRC_TCGA,A
RASA1,KIRC,IntOGen,KIRC_TCGA,A
RPL22,KIRC,IntOGen,KIRC_TCGA,A
RPL5,KIRC,IntOGen,KIRC_TCGA,A
SETD2,KIRC,IntOGen,KIRC_TCGA,A
SMAD2,KIRC,IntOGen,KIRC_TCGA,A
SOX9,KIRC,IntOGen,KIRC_TCGA,A
TBL1XR1,KIRC,IntOGen,KIRC_TCGA,A
VHL,KIRC,IntOGen,KIRC_TCGA,A
WT1,KIRC,IntOGen,KIRC_TCGA,A
ARHGAP26,KIRC,IntOGen,KIRC_TCGA,B
ATF1,KIRC,IntOGen,KIRC_TCGA,B
BCOR,KIRC,IntOGen,KIRC_TCGA,B
CDC73,KIRC,IntOGen,KIRC_TCGA,B
CHEK2,KIRC,IntOGen,KIRC_TCGA,B
CLTC,KIRC,IntOGen,KIRC_TCGA,B
DICER1,KIRC,IntOGen,KIRC_TCGA,B
EIF4A2,KIRC,IntOGen,KIRC_TCGA,B
EZH2,KIRC,IntOGen,KIRC_TCGA,B
FAM123B,KIRC,IntOGen,KIRC_TCGA,B
FLT3,KIRC,IntOGen,KIRC_TCGA,B
FUS,KIRC,IntOGen,KIRC_TCGA,B
HLF,KIRC,IntOGen,KIRC_TCGA,B
HSP90AB1,KIRC,IntOGen,KIRC_TCGA,B
LCP1,KIRC,IntOGen,KIRC_TCGA,B
LPHN2,KIRC,IntOGen,KIRC_TCGA,B
MET,KIRC,IntOGen,KIRC_TCGA,B
MGA,KIRC,IntOGen,KIRC_TCGA,B
MKL1,KIRC,IntOGen,KIRC_TCGA,B
NCOR1,KIRC,IntOGen,KIRC_TCGA,B
NUP98,KIRC,IntOGen,KIRC_TCGA,B
PPP2R1A,KIRC,IntOGen,KIRC_TCGA,B
SRGAP3,KIRC,IntOGen,KIRC_TCGA,B
TCF12,KIRC,IntOGen,KIRC_TCGA,B
WHSC1L1,KIRC,IntOGen,KIRC_TCGA,B
ZNF814,KIRC,IntOGen,KIRC_TCGA,B
ACO1,KIRC,IntOGen,KIRC_TCGA,C
AHR,KIRC,IntOGen,KIRC_TCGA,C
ARID1B,KIRC,IntOGen,KIRC_TCGA,C
ASH1L,KIRC,IntOGen,KIRC_TCGA,C
BCLAF1,KIRC,IntOGen,KIRC_TCGA,C
BMPR2,KIRC,IntOGen,KIRC_TCGA,C
CAD,KIRC,IntOGen,KIRC_TCGA,C
CAT,KIRC,IntOGen,KIRC_TCGA,C
CCAR1,KIRC,IntOGen,KIRC_TCGA,C
CNOT3,KIRC,IntOGen,KIRC_TCGA,C
COPS2,KIRC,IntOGen,KIRC_TCGA,C
CSDA,KIRC,IntOGen,KIRC_TCGA,C
CUL1,KIRC,IntOGen,KIRC_TCGA,C
DDX3X,KIRC,IntOGen,KIRC_TCGA,C
DHX15,KIRC,IntOGen,KIRC_TCGA,C
DIS3,KIRC,IntOGen,KIRC_TCGA,C
EIF2AK3,KIRC,IntOGen,KIRC_TCGA,C
EIF2C3,KIRC,IntOGen,KIRC_TCGA,C
EIF4G1,KIRC,IntOGen,KIRC_TCGA,C
ELF1,KIRC,IntOGen,KIRC_TCGA,C
ERBB2IP,KIRC,IntOGen,KIRC_TCGA,C
FMR1,KIRC,IntOGen,KIRC_TCGA,C
G3BP2,KIRC,IntOGen,KIRC_TCGA,C
HDAC9,KIRC,IntOGen,KIRC_TCGA,C
HNRPDL,KIRC,IntOGen,KIRC_TCGA,C
ITSN1,KIRC,IntOGen,KIRC_TCGA,C
LRP6,KIRC,IntOGen,KIRC_TCGA,C
MAX,KIRC,IntOGen,KIRC_TCGA,C
MED17,KIRC,IntOGen,KIRC_TCGA,C
MED24,KIRC,IntOGen,KIRC_TCGA,C
NTN4,KIRC,IntOGen,KIRC_TCGA,C
PCDH18,KIRC,IntOGen,KIRC_TCGA,C
PCSK6,KIRC,IntOGen,KIRC_TCGA,C
PIP5K1A,KIRC,IntOGen,KIRC_TCGA,C
PSMA6,KIRC,IntOGen,KIRC_TCGA,C
PSME3,KIRC,IntOGen,KIRC_TCGA,C
SEC24D,KIRC,IntOGen,KIRC_TCGA,C
SHMT1,KIRC,IntOGen,KIRC_TCGA,C
SIN3A,KIRC,IntOGen,KIRC_TCGA,C
SMC1A,KIRC,IntOGen,KIRC_TCGA,C
TAOK2,KIRC,IntOGen,KIRC_TCGA,C
TJP1,KIRC,IntOGen,KIRC_TCGA,C
TJP2,KIRC,IntOGen,KIRC_TCGA,C
TP53BP1,KIRC,IntOGen,KIRC_TCGA,C
TRIO,KIRC,IntOGen,KIRC_TCGA,C
ZFP36L2,KIRC,IntOGen,KIRC_TCGA,C
CEBPA,LAML,IntOGen,LAML_TCGA,A
CHD4,LAML,IntOGen,LAML_TCGA,A
DNMT3A,LAML,IntOGen,LAML_TCGA,A
EGFR,LAML,IntOGen,LAML_TCGA,A
FLT3,LAML,IntOGen,LAML_TCGA,A
IDH1,LAML,IntOGen,LAML_TCGA,A
IDH2,LAML,IntOGen,LAML_TCGA,A
KDM6A,LAML,IntOGen,LAML_TCGA,A
KIT,LAML,IntOGen,LAML_TCGA,A
KRAS,LAML,IntOGen,LAML_TCGA,A
NF1,LAML,IntOGen,LAML_TCGA,A
NPM1,LAML,IntOGen,LAML_TCGA,A
NRAS,LAML,IntOGen,LAML_TCGA,A
PHF6,LAML,IntOGen,LAML_TCGA,A
PTPN11,LAML,IntOGen,LAML_TCGA,A
RUNX1,LAML,IntOGen,LAML_TCGA,A
STAG2,LAML,IntOGen,LAML_TCGA,A
TET2,LAML,IntOGen,LAML_TCGA,A
TP53,LAML,IntOGen,LAML_TCGA,A
U2AF1,LAML,IntOGen,LAML_TCGA,A
WT1,LAML,IntOGen,LAML_TCGA,A
ASXL1,LAML,IntOGen,LAML_TCGA,B
BCOR,LAML,IntOGen,LAML_TCGA,B
CBFB,LAML,IntOGen,LAML_TCGA,B
EZH2,LAML,IntOGen,LAML_TCGA,B
MED12,LAML,IntOGen,LAML_TCGA,B
SUZ12,LAML,IntOGen,LAML_TCGA,B
THRAP3,LAML,IntOGen,LAML_TCGA,B
CUL1,LAML,IntOGen,LAML_TCGA,C
DIS3,LAML,IntOGen,LAML_TCGA,C
PRPF8,LAML,IntOGen,LAML_TCGA,C
RAD21,LAML,IntOGen,LAML_TCGA,C
ARID1A,LGG,IntOGen,LGG_TCGA,A
ARID2,LGG,IntOGen,LGG_TCGA,A
ATRX,LGG,IntOGen,LGG_TCGA,A
CIC,LGG,IntOGen,LGG_TCGA,A
EGFR,LGG,IntOGen,LGG_TCGA,A
EIF1AX,LGG,IntOGen,LGG_TCGA,A
FAT1,LGG,IntOGen,LGG_TCGA,A
FRG1B*,LGG,IntOGen,LGG_TCGA,A
FUBP1,LGG,IntOGen,LGG_TCGA,A
IDH1,LGG,IntOGen,LGG_TCGA,A
IDH2,LGG,IntOGen,LGG_TCGA,A
MLL2,LGG,IntOGen,LGG_TCGA,A
MTOR,LGG,IntOGen,LGG_TCGA,A
NF1,LGG,IntOGen,LGG_TCGA,A
PIK3CA,LGG,IntOGen,LGG_TCGA,A
PIK3R1,LGG,IntOGen,LGG_TCGA,A
PTEN,LGG,IntOGen,LGG_TCGA,A
RASA1,LGG,IntOGen,LGG_TCGA,A
RB1,LGG,IntOGen,LGG_TCGA,A
SETD2,LGG,IntOGen,LGG_TCGA,A
TP53,LGG,IntOGen,LGG_TCGA,A
ARHGAP26,LGG,IntOGen,LGG_TCGA,B
CDK12,LGG,IntOGen,LGG_TCGA,B
CHEK2,LGG,IntOGen,LGG_TCGA,B
FAM123B,LGG,IntOGen,LGG_TCGA,B
KAT6B,LGG,IntOGen,LGG_TCGA,B
MECOM,LGG,IntOGen,LGG_TCGA,B
MET,LGG,IntOGen,LGG_TCGA,B
MLL,LGG,IntOGen,LGG_TCGA,B
NCOR1,LGG,IntOGen,LGG_TCGA,B
NF2,LGG,IntOGen,LGG_TCGA,B
NOTCH1,LGG,IntOGen,LGG_TCGA,B
PTPN11,LGG,IntOGen,LGG_TCGA,B
SMARCA4,LGG,IntOGen,LGG_TCGA,B
TCF12,LGG,IntOGen,LGG_TCGA,B
ZMYM2,LGG,IntOGen,LGG_TCGA,B
ZNF814,LGG,IntOGen,LGG_TCGA,B
ACO1,LGG,IntOGen,LGG_TCGA,C
ARFGEF2,LGG,IntOGen,LGG_TCGA,C
ARHGEF6,LGG,IntOGen,LGG_TCGA,C
ARID1B,LGG,IntOGen,LGG_TCGA,C
CAD,LGG,IntOGen,LGG_TCGA,C
DDX3X,LGG,IntOGen,LGG_TCGA,C
EEF1B2,LGG,IntOGen,LGG_TCGA,C
HGF,LGG,IntOGen,LGG_TCGA,C
MAX,LGG,IntOGen,LGG_TCGA,C
NEDD4L,LGG,IntOGen,LGG_TCGA,C
TAF1,LGG,IntOGen,LGG_TCGA,C
TJP1,LGG,IntOGen,LGG_TCGA,C
TRIO,LGG,IntOGen,LGG_TCGA,C
ZNF292,LGG,IntOGen,LGG_TCGA,C
ACVR2A,LIHC,IntOGen,"LIV_FR,LIV_ICGC",A
APC,LIHC,IntOGen,"LIV_FR,LIV_ICGC",A
ARID1A,LIHC,IntOGen,"LIV_FR,LIV_ICGC",A
ARID2,LIHC,IntOGen,"LIV_FR,LIV_ICGC",A
ATRX,LIHC,IntOGen,"LIV_FR,LIV_ICGC",A
CTNNB1,LIHC,IntOGen,"LIV_FR,LIV_ICGC",A
IDH1,LIHC,IntOGen,"LIV_FR,LIV_ICGC",A
MLL3,LIHC,IntOGen,"LIV_FR,LIV_ICGC",A
NF1,LIHC,IntOGen,"LIV_FR,LIV_ICGC",A
NFE2L2,LIHC,IntOGen,"LIV_FR,LIV_ICGC",A
PBRM1,LIHC,IntOGen,"LIV_FR,LIV_ICGC",A
PIK3CA,LIHC,IntOGen,"LIV_FR,LIV_ICGC",A
PTEN,LIHC,IntOGen,"LIV_FR,LIV_ICGC",A
TBL1XR1,LIHC,IntOGen,"LIV_FR,LIV_ICGC",A
TP53,LIHC,IntOGen,"LIV_FR,LIV_ICGC",A
BLM,LIHC,IntOGen,"LIV_FR,LIV_ICGC",B
FLT3,LIHC,IntOGen,"LIV_FR,LIV_ICGC",B
SF3B1,LIHC,IntOGen,"LIV_FR,LIV_ICGC",B
ARHGAP35,LIHC,IntOGen,"LIV_FR,LIV_ICGC",C
ARID1B,LIHC,IntOGen,"LIV_FR,LIV_ICGC",C
ASH1L,LIHC,IntOGen,"LIV_FR,LIV_ICGC",C
BPTF,LIHC,IntOGen,"LIV_FR,LIV_ICGC",C
CEP290,LIHC,IntOGen,"LIV_FR,LIV_ICGC",C
CNOT1,LIHC,IntOGen,"LIV_FR,LIV_ICGC",C
ITSN1,LIHC,IntOGen,"LIV_FR,LIV_ICGC",C
MACF1,LIHC,IntOGen,"LIV_FR,LIV_ICGC",C
MYH10,LIHC,IntOGen,"LIV_FR,LIV_ICGC",C
NFATC4,LIHC,IntOGen,"LIV_FR,LIV_ICGC",C
RTN4,LIHC,IntOGen,"LIV_FR,LIV_ICGC",C
SETDB1,LIHC,IntOGen,"LIV_FR,LIV_ICGC",C
ACTG1,LUAD,IntOGen,"LUAD_TCGA,LUNG_TSP",A
ACVR2A,LUAD,IntOGen,"LUAD_TCGA,LUNG_TSP",A
AKT1,LUAD,IntOGen,"LUAD_TCGA,LUNG_TSP",A
ARID1A,LUAD,IntOGen,"LUAD_TCGA,LUNG_TSP",A
BAP1,LUAD,IntOGen,"LUAD_TCGA,LUNG_TSP",A
BRAF,LUAD,IntOGen,"LUAD_TCGA,LUNG_TSP",A
CASP8,LUAD,IntOGen,"LUAD_TCGA,LUNG_TSP",A
CDH1,LUAD,IntOGen,"LUAD_TCGA,LUNG_TSP",A
CDKN1B,LUAD,IntOGen,"LUAD_TCGA,LUNG_TSP",A
CDKN2A,LUAD,IntOGen,"LUAD_TCGA,LUNG_TSP",A
CIC,LUAD,IntOGen,"LUAD_TCGA,LUNG_TSP",A
CNOT4,LUAD,IntOGen,"LUAD_TCGA,LUNG_TSP",A
CTCF,LUAD,IntOGen,"LUAD_TCGA,LUNG_TSP",A
CTNNB1,LUAD,IntOGen,"LUAD_TCGA,LUNG_TSP",A
DDX5,LUAD,IntOGen,"LUAD_TCGA,LUNG_TSP",A
DNMT3A,LUAD,IntOGen,"LUAD_TCGA,LUNG_TSP",A
EGFR,LUAD,IntOGen,"LUAD_TCGA,LUNG_TSP",A
FAT1,LUAD,IntOGen,"LUAD_TCGA,LUNG_TSP",A
FBXW7,LUAD,IntOGen,"LUAD_TCGA,LUNG_TSP",A
FUBP1,LUAD,IntOGen,"LUAD_TCGA,LUNG_TSP",A
IDH1,LUAD,IntOGen,"LUAD_TCGA,LUNG_TSP",A
KDM6A,LUAD,IntOGen,"LUAD_TCGA,LUNG_TSP",A
KEAP1,LUAD,IntOGen,"LUAD_TCGA,LUNG_TSP",A
KRAS,LUAD,IntOGen,"LUAD_TCGA,LUNG_TSP",A
MAP2K1,LUAD,IntOGen,"LUAD_TCGA,LUNG_TSP",A
MAP2K4,LUAD,IntOGen,"LUAD_TCGA,LUNG_TSP",A
MAP3K1,LUAD,IntOGen,"LUAD_TCGA,LUNG_TSP",A
MGA,LUAD,IntOGen,"LUAD_TCGA,LUNG_TSP",A
MLL3,LUAD,IntOGen,"LUAD_TCGA,LUNG_TSP",A
NF1,LUAD,IntOGen,"LUAD_TCGA,LUNG_TSP",A
NFE2L2,LUAD,IntOGen,"LUAD_TCGA,LUNG_TSP",A
NPM1,LUAD,IntOGen,"LUAD_TCGA,LUNG_TSP",A
NRAS,LUAD,IntOGen,"LUAD_TCGA,LUNG_TSP",A
PBRM1,LUAD,IntOGen,"LUAD_TCGA,LUNG_TSP",A
PHF6,LUAD,IntOGen,"LUAD_TCGA,LUNG_TSP",A
PIK3R1,LUAD,IntOGen,"LUAD_TCGA,LUNG_TSP",A
PTEN,LUAD,IntOGen,"LUAD_TCGA,LUNG_TSP",A
RASA1,LUAD,IntOGen,"LUAD_TCGA,LUNG_TSP",A
RB1,LUAD,IntOGen,"LUAD_TCGA,LUNG_TSP",A
RBM10,LUAD,IntOGen,"LUAD_TCGA,LUNG_TSP",A
SETD2,LUAD,IntOGen,"LUAD_TCGA,LUNG_TSP",A
SMAD2,LUAD,IntOGen,"LUAD_TCGA,LUNG_TSP",A
SMAD4,LUAD,IntOGen,"LUAD_TCGA,LUNG_TSP",A
SMARCA4,LUAD,IntOGen,"LUAD_TCGA,LUNG_TSP",A
STK11,LUAD,IntOGen,"LUAD_TCGA,LUNG_TSP",A
TBL1XR1,LUAD,IntOGen,"LUAD_TCGA,LUNG_TSP",A
TP53,LUAD,IntOGen,"LUAD_TCGA,LUNG_TSP",A
U2AF1,LUAD,IntOGen,"LUAD_TCGA,LUNG_TSP",A
AFF4,LUAD,IntOGen,"LUAD_TCGA,LUNG_TSP",B
ARHGAP26,LUAD,IntOGen,"LUAD_TCGA,LUNG_TSP",B
ATIC,LUAD,IntOGen,"LUAD_TCGA,LUNG_TSP",B
BLM,LUAD,IntOGen,"LUAD_TCGA,LUNG_TSP",B
CDK12,LUAD,IntOGen,"LUAD_TCGA,LUNG_TSP",B
CHEK2,LUAD,IntOGen,"LUAD_TCGA,LUNG_TSP",B
COL1A1,LUAD,IntOGen,"LUAD_TCGA,LUNG_TSP",B
CREBBP,LUAD,IntOGen,"LUAD_TCGA,LUNG_TSP",B
CYLD,LUAD,IntOGen,"LUAD_TCGA,LUNG_TSP",B
EIF4A2,LUAD,IntOGen,"LUAD_TCGA,LUNG_TSP",B
EP300,LUAD,IntOGen,"LUAD_TCGA,LUNG_TSP",B
ERCC2,LUAD,IntOGen,"LUAD_TCGA,LUNG_TSP",B
EZH2,LUAD,IntOGen,"LUAD_TCGA,LUNG_TSP",B
FGFR2,LUAD,IntOGen,"LUAD_TCGA,LUNG_TSP",B
HSP90AA1,LUAD,IntOGen,"LUAD_TCGA,LUNG_TSP",B
HSP90AB1,LUAD,IntOGen,"LUAD_TCGA,LUNG_TSP",B
KDR,LUAD,IntOGen,"LUAD_TCGA,LUNG_TSP",B
KLF6,LUAD,IntOGen,"LUAD_TCGA,LUNG_TSP",B
LCP1,LUAD,IntOGen,"LUAD_TCGA,LUNG_TSP",B
LPHN2,LUAD,IntOGen,"LUAD_TCGA,LUNG_TSP",B
MEN1,LUAD,IntOGen,"LUAD_TCGA,LUNG_TSP",B
MET,LUAD,IntOGen,"LUAD_TCGA,LUNG_TSP",B
MKL1,LUAD,IntOGen,"LUAD_TCGA,LUNG_TSP",B
MLH1,LUAD,IntOGen,"LUAD_TCGA,LUNG_TSP",B
MLL,LUAD,IntOGen,"LUAD_TCGA,LUNG_TSP",B
MYB,LUAD,IntOGen,"LUAD_TCGA,LUNG_TSP",B
NF2,LUAD,IntOGen,"LUAD_TCGA,LUNG_TSP",B
NUP98,LUAD,IntOGen,"LUAD_TCGA,LUNG_TSP",B
PAX5,LUAD,IntOGen,"LUAD_TCGA,LUNG_TSP",B
PPP2R1A,LUAD,IntOGen,"LUAD_TCGA,LUNG_TSP",B
PRRX1,LUAD,IntOGen,"LUAD_TCGA,LUNG_TSP",B
PTPN11,LUAD,IntOGen,"LUAD_TCGA,LUNG_TSP",B
SF3B1,LUAD,IntOGen,"LUAD_TCGA,LUNG_TSP",B
SFPQ,LUAD,IntOGen,"LUAD_TCGA,LUNG_TSP",B
TCF12,LUAD,IntOGen,"LUAD_TCGA,LUNG_TSP",B
TCF7L2,LUAD,IntOGen,"LUAD_TCGA,LUNG_TSP",B
TGFBR2,LUAD,IntOGen,"LUAD_TCGA,LUNG_TSP",B
ZMYM2,LUAD,IntOGen,"LUAD_TCGA,LUNG_TSP",B
ACAD8,LUAD,IntOGen,"LUAD_TCGA,LUNG_TSP",C
ACO1,LUAD,IntOGen,"LUAD_TCGA,LUNG_TSP",C
ACTG2,LUAD,IntOGen,"LUAD_TCGA,LUNG_TSP",C
ACVR1B,LUAD,IntOGen,"LUAD_TCGA,LUNG_TSP",C
ADAM10,LUAD,IntOGen,"LUAD_TCGA,LUNG_TSP",C
ARFGAP1,LUAD,IntOGen,"LUAD_TCGA,LUNG_TSP",C
ATP6AP2,LUAD,IntOGen,"LUAD_TCGA,LUNG_TSP",C
BAZ2B,LUAD,IntOGen,"LUAD_TCGA,LUNG_TSP",C
BMPR2,LUAD,IntOGen,"LUAD_TCGA,LUNG_TSP",C
BRWD1,LUAD,IntOGen,"LUAD_TCGA,LUNG_TSP",C
CAPN7,LUAD,IntOGen,"LUAD_TCGA,LUNG_TSP",C
CARM1,LUAD,IntOGen,"LUAD_TCGA,LUNG_TSP",C
CAT,LUAD,IntOGen,"LUAD_TCGA,LUNG_TSP",C
CCAR1,LUAD,IntOGen,"LUAD_TCGA,LUNG_TSP",C
CCT5,LUAD,IntOGen,"LUAD_TCGA,LUNG_TSP",C
CHD1L,LUAD,IntOGen,"LUAD_TCGA,LUNG_TSP",C
CLASP2,LUAD,IntOGen,"LUAD_TCGA,LUNG_TSP",C
CLSPN,LUAD,IntOGen,"LUAD_TCGA,LUNG_TSP",C
CNOT3,LUAD,IntOGen,"LUAD_TCGA,LUNG_TSP",C
COPS2,LUAD,IntOGen,"LUAD_TCGA,LUNG_TSP",C
CRNKL1,LUAD,IntOGen,"LUAD_TCGA,LUNG_TSP",C
CSNK1G3,LUAD,IntOGen,"LUAD_TCGA,LUNG_TSP",C
CUL2,LUAD,IntOGen,"LUAD_TCGA,LUNG_TSP",C
CUL3,LUAD,IntOGen,"LUAD_TCGA,LUNG_TSP",C
DDX3X,LUAD,IntOGen,"LUAD_TCGA,LUNG_TSP",C
DHX15,LUAD,IntOGen,"LUAD_TCGA,LUNG_TSP",C
EEF1B2,LUAD,IntOGen,"LUAD_TCGA,LUNG_TSP",C
EFTUD2,LUAD,IntOGen,"LUAD_TCGA,LUNG_TSP",C
EIF2AK3,LUAD,IntOGen,"LUAD_TCGA,LUNG_TSP",C
EIF2C3,LUAD,IntOGen,"LUAD_TCGA,LUNG_TSP",C
EIF4G1,LUAD,IntOGen,"LUAD_TCGA,LUNG_TSP",C
EPHA4,LUAD,IntOGen,"LUAD_TCGA,LUNG_TSP",C
EPHB2,LUAD,IntOGen,"LUAD_TCGA,LUNG_TSP",C
ERBB2IP,LUAD,IntOGen,"LUAD_TCGA,LUNG_TSP",C
FMR1,LUAD,IntOGen,"LUAD_TCGA,LUNG_TSP",C
FN1,LUAD,IntOGen,"LUAD_TCGA,LUNG_TSP",C
FXR1,LUAD,IntOGen,"LUAD_TCGA,LUNG_TSP",C
G3BP1,LUAD,IntOGen,"LUAD_TCGA,LUNG_TSP",C
G3BP2,LUAD,IntOGen,"LUAD_TCGA,LUNG_TSP",C
GNAI1,LUAD,IntOGen,"LUAD_TCGA,LUNG_TSP",C
GNG2,LUAD,IntOGen,"LUAD_TCGA,LUNG_TSP",C
GPSM2,LUAD,IntOGen,"LUAD_TCGA,LUNG_TSP",C
HLA-A,LUAD,IntOGen,"LUAD_TCGA,LUNG_TSP",C
HSPA8,LUAD,IntOGen,"LUAD_TCGA,LUNG_TSP",C
IREB2,LUAD,IntOGen,"LUAD_TCGA,LUNG_TSP",C
IRS2,LUAD,IntOGen,"LUAD_TCGA,LUNG_TSP",C
LDHA,LUAD,IntOGen,"LUAD_TCGA,LUNG_TSP",C
MAP3K4,LUAD,IntOGen,"LUAD_TCGA,LUNG_TSP",C
MAP4K1,LUAD,IntOGen,"LUAD_TCGA,LUNG_TSP",C
MAP4K3,LUAD,IntOGen,"LUAD_TCGA,LUNG_TSP",C
MAX,LUAD,IntOGen,"LUAD_TCGA,LUNG_TSP",C
MED17,LUAD,IntOGen,"LUAD_TCGA,LUNG_TSP",C
MED24,LUAD,IntOGen,"LUAD_TCGA,LUNG_TSP",C
MMP2,LUAD,IntOGen,"LUAD_TCGA,LUNG_TSP",C
MSR1,LUAD,IntOGen,"LUAD_TCGA,LUNG_TSP",C
MYH10,LUAD,IntOGen,"LUAD_TCGA,LUNG_TSP",C
NCK1,LUAD,IntOGen,"LUAD_TCGA,LUNG_TSP",C
NCKAP1,LUAD,IntOGen,"LUAD_TCGA,LUNG_TSP",C
NEDD4L,LUAD,IntOGen,"LUAD_TCGA,LUNG_TSP",C
NTN4,LUAD,IntOGen,"LUAD_TCGA,LUNG_TSP",C
NTRK2,LUAD,IntOGen,"LUAD_TCGA,LUNG_TSP",C
NUP107,LUAD,IntOGen,"LUAD_TCGA,LUNG_TSP",C
PCSK6,LUAD,IntOGen,"LUAD_TCGA,LUNG_TSP",C
PIK3R3,LUAD,IntOGen,"LUAD_TCGA,LUNG_TSP",C
PIP5K1A,LUAD,IntOGen,"LUAD_TCGA,LUNG_TSP",C
POLR2B,LUAD,IntOGen,"LUAD_TCGA,LUNG_TSP",C
PPP2R5A,LUAD,IntOGen,"LUAD_TCGA,LUNG_TSP",C
PRPF8,LUAD,IntOGen,"LUAD_TCGA,LUNG_TSP",C
PSMA6,LUAD,IntOGen,"LUAD_TCGA,LUNG_TSP",C
PSMD11,LUAD,IntOGen,"LUAD_TCGA,LUNG_TSP",C
PTGS1,LUAD,IntOGen,"LUAD_TCGA,LUNG_TSP",C
RAD23B,LUAD,IntOGen,"LUAD_TCGA,LUNG_TSP",C
RBM5,LUAD,IntOGen,"LUAD_TCGA,LUNG_TSP",C
RHEB,LUAD,IntOGen,"LUAD_TCGA,LUNG_TSP",C
RTN4,LUAD,IntOGen,"LUAD_TCGA,LUNG_TSP",C
SETDB1,LUAD,IntOGen,"LUAD_TCGA,LUNG_TSP",C
SHMT1,LUAD,IntOGen,"LUAD_TCGA,LUNG_TSP",C
SIN3A,LUAD,IntOGen,"LUAD_TCGA,LUNG_TSP",C
SMC1A,LUAD,IntOGen,"LUAD_TCGA,LUNG_TSP",C
SOX9,LUAD,IntOGen,"LUAD_TCGA,LUNG_TSP",C
SPRR3,LUAD,IntOGen,"LUAD_TCGA,LUNG_TSP",C
STAG1,LUAD,IntOGen,"LUAD_TCGA,LUNG_TSP",C
STIP1,LUAD,IntOGen,"LUAD_TCGA,LUNG_TSP",C
STK4,LUAD,IntOGen,"LUAD_TCGA,LUNG_TSP",C
SVEP1,LUAD,IntOGen,"LUAD_TCGA,LUNG_TSP",C
SYNCRIP,LUAD,IntOGen,"LUAD_TCGA,LUNG_TSP",C
TAOK1,LUAD,IntOGen,"LUAD_TCGA,LUNG_TSP",C
TAOK2,LUAD,IntOGen,"LUAD_TCGA,LUNG_TSP",C
TCF4,LUAD,IntOGen,"LUAD_TCGA,LUNG_TSP",C
TFDP1,LUAD,IntOGen,"LUAD_TCGA,LUNG_TSP",C
TNPO1,LUAD,IntOGen,"LUAD_TCGA,LUNG_TSP",C
TOM1,LUAD,IntOGen,"LUAD_TCGA,LUNG_TSP",C
TP53BP1,LUAD,IntOGen,"LUAD_TCGA,LUNG_TSP",C
UPF3B,LUAD,IntOGen,"LUAD_TCGA,LUNG_TSP",C
ZNF814,LUAD,IntOGen,"LUAD_TCGA,LUNG_TSP",C
ARID1A,LUSC,IntOGen,LUSC_TCGA,A
B2M,LUSC,IntOGen,LUSC_TCGA,A
CASP8,LUSC,IntOGen,LUSC_TCGA,A
CDH1,LUSC,IntOGen,LUSC_TCGA,A
CDKN1A,LUSC,IntOGen,LUSC_TCGA,A
CDKN2A,LUSC,IntOGen,LUSC_TCGA,A
CIC,LUSC,IntOGen,LUSC_TCGA,A
CNOT4,LUSC,IntOGen,LUSC_TCGA,A
CTNNB1,LUSC,IntOGen,LUSC_TCGA,A
EEF1A1,LUSC,IntOGen,LUSC_TCGA,A
EGFR,LUSC,IntOGen,LUSC_TCGA,A
FUBP1,LUSC,IntOGen,LUSC_TCGA,A
GATA3,LUSC,IntOGen,LUSC_TCGA,A
HRAS,LUSC,IntOGen,LUSC_TCGA,A
IDH1,LUSC,IntOGen,LUSC_TCGA,A
KDM5C,LUSC,IntOGen,LUSC_TCGA,A
KEAP1,LUSC,IntOGen,LUSC_TCGA,A
KRAS,LUSC,IntOGen,LUSC_TCGA,A
MAP2K1,LUSC,IntOGen,LUSC_TCGA,A
MAP3K1,LUSC,IntOGen,LUSC_TCGA,A
MLL2,LUSC,IntOGen,LUSC_TCGA,A
NF1,LUSC,IntOGen,LUSC_TCGA,A
NFE2L2,LUSC,IntOGen,LUSC_TCGA,A
PHF6,LUSC,IntOGen,LUSC_TCGA,A
PIK3CA,LUSC,IntOGen,LUSC_TCGA,A
PTEN,LUSC,IntOGen,LUSC_TCGA,A
RASA1,LUSC,IntOGen,LUSC_TCGA,A
RB1,LUSC,IntOGen,LUSC_TCGA,A
RPL5,LUSC,IntOGen,LUSC_TCGA,A
SETD2,LUSC,IntOGen,LUSC_TCGA,A
SMAD2,LUSC,IntOGen,LUSC_TCGA,A
SMAD4,LUSC,IntOGen,LUSC_TCGA,A
STK11,LUSC,IntOGen,LUSC_TCGA,A
TBL1XR1,LUSC,IntOGen,LUSC_TCGA,A
TP53,LUSC,IntOGen,LUSC_TCGA,A
WT1,LUSC,IntOGen,LUSC_TCGA,A
ABL2,LUSC,IntOGen,LUSC_TCGA,B
ACSL6,LUSC,IntOGen,LUSC_TCGA,B
AFF4,LUSC,IntOGen,LUSC_TCGA,B
BLM,LUSC,IntOGen,LUSC_TCGA,B
CDC73,LUSC,IntOGen,LUSC_TCGA,B
CHEK2,LUSC,IntOGen,LUSC_TCGA,B
EIF4A2,LUSC,IntOGen,LUSC_TCGA,B
EZH2,LUSC,IntOGen,LUSC_TCGA,B
FGFR2,LUSC,IntOGen,LUSC_TCGA,B
FGFR3,LUSC,IntOGen,LUSC_TCGA,B
FOXP1,LUSC,IntOGen,LUSC_TCGA,B
GOLGA5,LUSC,IntOGen,LUSC_TCGA,B
HLF,LUSC,IntOGen,LUSC_TCGA,B
HSP90AA1,LUSC,IntOGen,LUSC_TCGA,B
HSP90AB1,LUSC,IntOGen,LUSC_TCGA,B
MEN1,LUSC,IntOGen,LUSC_TCGA,B
MET,LUSC,IntOGen,LUSC_TCGA,B
MKL1,LUSC,IntOGen,LUSC_TCGA,B
MLH1,LUSC,IntOGen,LUSC_TCGA,B
MLL,LUSC,IntOGen,LUSC_TCGA,B
MYB,LUSC,IntOGen,LUSC_TCGA,B
NDRG1,LUSC,IntOGen,LUSC_TCGA,B
NOTCH1,LUSC,IntOGen,LUSC_TCGA,B
NUP98,LUSC,IntOGen,LUSC_TCGA,B
PAX5,LUSC,IntOGen,LUSC_TCGA,B
PTPN11,LUSC,IntOGen,LUSC_TCGA,B
SF3B1,LUSC,IntOGen,LUSC_TCGA,B
SRGAP3,LUSC,IntOGen,LUSC_TCGA,B
SUZ12,LUSC,IntOGen,LUSC_TCGA,B
THRAP3,LUSC,IntOGen,LUSC_TCGA,B
ACAD8,LUSC,IntOGen,LUSC_TCGA,C
ACO1,LUSC,IntOGen,LUSC_TCGA,C
ACTG2,LUSC,IntOGen,LUSC_TCGA,C
ACVR1B,LUSC,IntOGen,LUSC_TCGA,C
ADAM10,LUSC,IntOGen,LUSC_TCGA,C
AQR,LUSC,IntOGen,LUSC_TCGA,C
ARFGEF2,LUSC,IntOGen,LUSC_TCGA,C
ARHGEF6,LUSC,IntOGen,LUSC_TCGA,C
ARID1B,LUSC,IntOGen,LUSC_TCGA,C
ARNTL,LUSC,IntOGen,LUSC_TCGA,C
CAST,LUSC,IntOGen,LUSC_TCGA,C
CCAR1,LUSC,IntOGen,LUSC_TCGA,C
CHD1L,LUSC,IntOGen,LUSC_TCGA,C
CHD3,LUSC,IntOGen,LUSC_TCGA,C
CLASP2,LUSC,IntOGen,LUSC_TCGA,C
CLOCK,LUSC,IntOGen,LUSC_TCGA,C
CNOT3,LUSC,IntOGen,LUSC_TCGA,C
COPS2,LUSC,IntOGen,LUSC_TCGA,C
CSDA,LUSC,IntOGen,LUSC_TCGA,C
CSDE1,LUSC,IntOGen,LUSC_TCGA,C
CTTN,LUSC,IntOGen,LUSC_TCGA,C
CUL1,LUSC,IntOGen,LUSC_TCGA,C
DDX3X,LUSC,IntOGen,LUSC_TCGA,C
DHX15,LUSC,IntOGen,LUSC_TCGA,C
DHX9,LUSC,IntOGen,LUSC_TCGA,C
DLG1,LUSC,IntOGen,LUSC_TCGA,C
EIF2C3,LUSC,IntOGen,LUSC_TCGA,C
ELF1,LUSC,IntOGen,LUSC_TCGA,C
ERBB2IP,LUSC,IntOGen,LUSC_TCGA,C
FMR1,LUSC,IntOGen,LUSC_TCGA,C
FN1,LUSC,IntOGen,LUSC_TCGA,C
FXR1,LUSC,IntOGen,LUSC_TCGA,C
G3BP2,LUSC,IntOGen,LUSC_TCGA,C
GNAI1,LUSC,IntOGen,LUSC_TCGA,C
GPSM2,LUSC,IntOGen,LUSC_TCGA,C
HLA-A,LUSC,IntOGen,LUSC_TCGA,C
HSPA8,LUSC,IntOGen,LUSC_TCGA,C
IREB2,LUSC,IntOGen,LUSC_TCGA,C
IRS2,LUSC,IntOGen,LUSC_TCGA,C
ITSN1,LUSC,IntOGen,LUSC_TCGA,C
MAP3K4,LUSC,IntOGen,LUSC_TCGA,C
MED17,LUSC,IntOGen,LUSC_TCGA,C
MED24,LUSC,IntOGen,LUSC_TCGA,C
MUC20,LUSC,IntOGen,LUSC_TCGA,C
NCF2,LUSC,IntOGen,LUSC_TCGA,C
NCK1,LUSC,IntOGen,LUSC_TCGA,C
NFATC4,LUSC,IntOGen,LUSC_TCGA,C
NR4A2,LUSC,IntOGen,LUSC_TCGA,C
NTN4,LUSC,IntOGen,LUSC_TCGA,C
NUP107,LUSC,IntOGen,LUSC_TCGA,C
PCDH18,LUSC,IntOGen,LUSC_TCGA,C
PCSK6,LUSC,IntOGen,LUSC_TCGA,C
PIK3CB,LUSC,IntOGen,LUSC_TCGA,C
PIK3R3,LUSC,IntOGen,LUSC_TCGA,C
PIP5K1A,LUSC,IntOGen,LUSC_TCGA,C
PPP2R5C,LUSC,IntOGen,LUSC_TCGA,C
PRPF8,LUSC,IntOGen,LUSC_TCGA,C
RAD21,LUSC,IntOGen,LUSC_TCGA,C
RBM10,LUSC,IntOGen,LUSC_TCGA,C
RGS3,LUSC,IntOGen,LUSC_TCGA,C
RTN4,LUSC,IntOGen,LUSC_TCGA,C
SEC24D,LUSC,IntOGen,LUSC_TCGA,C
SETDB1,LUSC,IntOGen,LUSC_TCGA,C
SF3A3,LUSC,IntOGen,LUSC_TCGA,C
SIN3A,LUSC,IntOGen,LUSC_TCGA,C
SPTAN1,LUSC,IntOGen,LUSC_TCGA,C
STAG1,LUSC,IntOGen,LUSC_TCGA,C
STK4,LUSC,IntOGen,LUSC_TCGA,C
SYNCRIP,LUSC,IntOGen,LUSC_TCGA,C
TAOK2,LUSC,IntOGen,LUSC_TCGA,C
TBX3,LUSC,IntOGen,LUSC_TCGA,C
TFDP1,LUSC,IntOGen,LUSC_TCGA,C
TFDP2,LUSC,IntOGen,LUSC_TCGA,C
TGFBR2,LUSC,IntOGen,LUSC_TCGA,C
TJP2,LUSC,IntOGen,LUSC_TCGA,C
TNPO1,LUSC,IntOGen,LUSC_TCGA,C
TOM1,LUSC,IntOGen,LUSC_TCGA,C
UPF3B,LUSC,IntOGen,LUSC_TCGA,C
WIPF1,LUSC,IntOGen,LUSC_TCGA,C
ZC3H11A,LUSC,IntOGen,LUSC_TCGA,C
ZFP36L2,LUSC,IntOGen,LUSC_TCGA,C
ARID1A,MED,IntOGen,"MED_NewS,PedBrain",A
ARID2,MED,IntOGen,"MED_NewS,PedBrain",A
CTNNB1,MED,IntOGen,"MED_NewS,PedBrain",A
FBXW7,MED,IntOGen,"MED_NewS,PedBrain",A
KDM6A,MED,IntOGen,"MED_NewS,PedBrain",A
MLL2,MED,IntOGen,"MED_NewS,PedBrain",A
MLL3,MED,IntOGen,"MED_NewS,PedBrain",A
NF1,MED,IntOGen,"MED_NewS,PedBrain",A
PIK3CA,MED,IntOGen,"MED_NewS,PedBrain",A
SMO,MED,IntOGen,"MED_NewS,PedBrain",A
TP53,MED,IntOGen,"MED_NewS,PedBrain",A
BCOR,MED,IntOGen,"MED_NewS,PedBrain",B
CREBBP,MED,IntOGen,"MED_NewS,PedBrain",B
PRKAR1A,MED,IntOGen,"MED_NewS,PedBrain",B
PTCH1,MED,IntOGen,"MED_NewS,PedBrain",B
SMARCA4,MED,IntOGen,"MED_NewS,PedBrain",B
ARID1B,MED,IntOGen,"MED_NewS,PedBrain",C
BCLAF1,MED,IntOGen,"MED_NewS,PedBrain",C
CCAR1,MED,IntOGen,"MED_NewS,PedBrain",C
DDX3X,MED,IntOGen,"MED_NewS,PedBrain",C
FMR1,MED,IntOGen,"MED_NewS,PedBrain",C
MGA,MED,IntOGen,"MED_NewS,PedBrain",C
TAF1,MED,IntOGen,"MED_NewS,PedBrain",C
TCF4,MED,IntOGen,"MED_NewS,PedBrain",C
APC,MM,IntOGen,Myeloma_NewS,A
ARID2,MM,IntOGen,Myeloma_NewS,A
BRAF,MM,IntOGen,Myeloma_NewS,A
CASP8,MM,IntOGen,Myeloma_NewS,A
KRAS,MM,IntOGen,Myeloma_NewS,A
NF1,MM,IntOGen,Myeloma_NewS,A
NRAS,MM,IntOGen,Myeloma_NewS,A
PIK3CA,MM,IntOGen,Myeloma_NewS,A
TP53,MM,IntOGen,Myeloma_NewS,A
FAM46C,MM,IntOGen,Myeloma_NewS,B
MECOM,MM,IntOGen,Myeloma_NewS,B
NSD1,MM,IntOGen,Myeloma_NewS,B
SF3B1,MM,IntOGen,Myeloma_NewS,B
ARHGAP35,MM,IntOGen,Myeloma_NewS,C
CEP290,MM,IntOGen,Myeloma_NewS,C
CHD9,MM,IntOGen,Myeloma_NewS,C
DDX3X,MM,IntOGen,Myeloma_NewS,C
FXR1,MM,IntOGen,Myeloma_NewS,C
ALK,NB,IntOGen,NBM_Broad,A
ARID1A,NB,IntOGen,NBM_Broad,A
ATM,NB,IntOGen,NBM_Broad,A
ATRX,NB,IntOGen,NBM_Broad,A
MLL2,NB,IntOGen,NBM_Broad,A
NF1,NB,IntOGen,NBM_Broad,A
NRAS,NB,IntOGen,NBM_Broad,A
PBRM1,NB,IntOGen,NBM_Broad,A
PIK3CA,NB,IntOGen,NBM_Broad,A
COL1A1,NB,IntOGen,NBM_Broad,B
CREBBP,NB,IntOGen,NBM_Broad,B
MECOM,NB,IntOGen,NBM_Broad,B
MET,NB,IntOGen,NBM_Broad,B
MYCN,NB,IntOGen,NBM_Broad,B
NOTCH1,NB,IntOGen,NBM_Broad,B
PTPN11,NB,IntOGen,NBM_Broad,B
AHR,NB,IntOGen,NBM_Broad,C
ANK3,NB,IntOGen,NBM_Broad,C
CEP290,NB,IntOGen,NBM_Broad,C
EIF2C3,NB,IntOGen,NBM_Broad,C
KLF4,NB,IntOGen,NBM_Broad,C
LRP6,NB,IntOGen,NBM_Broad,C
MACF1,NB,IntOGen,NBM_Broad,C
PIK3CB,NB,IntOGen,NBM_Broad,C
STAG1,NB,IntOGen,NBM_Broad,C
TAF1,NB,IntOGen,NBM_Broad,C
TRIO,NB,IntOGen,NBM_Broad,C
APC,NSCLC,IntOGen,NSCLC_Wisc,A
KEAP1,NSCLC,IntOGen,NSCLC_Wisc,A
KRAS,NSCLC,IntOGen,NSCLC_Wisc,A
MLL3,NSCLC,IntOGen,NSCLC_Wisc,A
RB1,NSCLC,IntOGen,NSCLC_Wisc,A
TP53,NSCLC,IntOGen,NSCLC_Wisc,A
AKAP9,NSCLC,IntOGen,NSCLC_Wisc,B
SMARCA4,NSCLC,IntOGen,NSCLC_Wisc,B
HGF,NSCLC,IntOGen,NSCLC_Wisc,C
KALRN,NSCLC,IntOGen,NSCLC_Wisc,C
SEC24D,NSCLC,IntOGen,NSCLC_Wisc,C
ACTG1,OV,IntOGen,OV_TCGA,A
ARID1A,OV,IntOGen,OV_TCGA,A
ATRX,OV,IntOGen,OV_TCGA,A
BAP1,OV,IntOGen,OV_TCGA,A
BRAF,OV,IntOGen,OV_TCGA,A
CHD4,OV,IntOGen,OV_TCGA,A
CTNNB1,OV,IntOGen,OV_TCGA,A
DDX5,OV,IntOGen,OV_TCGA,A
DNMT3A,OV,IntOGen,OV_TCGA,A
FBXW7,OV,IntOGen,OV_TCGA,A
KRAS,OV,IntOGen,OV_TCGA,A
LPHN2,OV,IntOGen,OV_TCGA,A
MLL2,OV,IntOGen,OV_TCGA,A
NF1,OV,IntOGen,OV_TCGA,A
NRAS,OV,IntOGen,OV_TCGA,A
PIK3CA,OV,IntOGen,OV_TCGA,A
PTEN,OV,IntOGen,OV_TCGA,A
RB1,OV,IntOGen,OV_TCGA,A
RHOA,OV,IntOGen,OV_TCGA,A
SETD2,OV,IntOGen,OV_TCGA,A
STAG2,OV,IntOGen,OV_TCGA,A
TBX3,OV,IntOGen,OV_TCGA,A
TGFBR2,OV,IntOGen,OV_TCGA,A
TP53,OV,IntOGen,OV_TCGA,A
AFF4,OV,IntOGen,OV_TCGA,B
ATF1,OV,IntOGen,OV_TCGA,B
ATIC,OV,IntOGen,OV_TCGA,B
BRCA1,OV,IntOGen,OV_TCGA,B
BRCA2,OV,IntOGen,OV_TCGA,B
CDK12,OV,IntOGen,OV_TCGA,B
EIF4A2,OV,IntOGen,OV_TCGA,B
FAM123B,OV,IntOGen,OV_TCGA,B
FLT3,OV,IntOGen,OV_TCGA,B
GNAS,OV,IntOGen,OV_TCGA,B
GOLGA5,OV,IntOGen,OV_TCGA,B
HSP90AA1,OV,IntOGen,OV_TCGA,B
MECOM,OV,IntOGen,OV_TCGA,B
MED12,OV,IntOGen,OV_TCGA,B
MKL1,OV,IntOGen,OV_TCGA,B
MLH1,OV,IntOGen,OV_TCGA,B
NDRG1,OV,IntOGen,OV_TCGA,B
NOTCH1,OV,IntOGen,OV_TCGA,B
NSD1,OV,IntOGen,OV_TCGA,B
TCF7L2,OV,IntOGen,OV_TCGA,B
ACO1,OV,IntOGen,OV_TCGA,C
ASH1L,OV,IntOGen,OV_TCGA,C
ASPM,OV,IntOGen,OV_TCGA,C
ATR,OV,IntOGen,OV_TCGA,C
BAZ2B,OV,IntOGen,OV_TCGA,C
BMPR2,OV,IntOGen,OV_TCGA,C
CASP1,OV,IntOGen,OV_TCGA,C
CCAR1,OV,IntOGen,OV_TCGA,C
CCT5,OV,IntOGen,OV_TCGA,C
CHD1L,OV,IntOGen,OV_TCGA,C
CLASP2,OV,IntOGen,OV_TCGA,C
CLSPN,OV,IntOGen,OV_TCGA,C
CSDE1,OV,IntOGen,OV_TCGA,C
CUL2,OV,IntOGen,OV_TCGA,C
DLG1,OV,IntOGen,OV_TCGA,C
EIF2AK3,OV,IntOGen,OV_TCGA,C
ERBB2IP,OV,IntOGen,OV_TCGA,C
F8,OV,IntOGen,OV_TCGA,C
FMR1,OV,IntOGen,OV_TCGA,C
GPS2,OV,IntOGen,OV_TCGA,C
HDAC3,OV,IntOGen,OV_TCGA,C
HGF,OV,IntOGen,OV_TCGA,C
ITSN1,OV,IntOGen,OV_TCGA,C
MAP3K4,OV,IntOGen,OV_TCGA,C
MAP4K3,OV,IntOGen,OV_TCGA,C
MYH10,OV,IntOGen,OV_TCGA,C
NCKAP1,OV,IntOGen,OV_TCGA,C
NR4A2,OV,IntOGen,OV_TCGA,C
POLR2B,OV,IntOGen,OV_TCGA,C
SETDB1,OV,IntOGen,OV_TCGA,C
SIN3A,OV,IntOGen,OV_TCGA,C
SOS1,OV,IntOGen,OV_TCGA,C
STAG1,OV,IntOGen,OV_TCGA,C
TFDP1,OV,IntOGen,OV_TCGA,C
TJP1,OV,IntOGen,OV_TCGA,C
TOM1,OV,IntOGen,OV_TCGA,C
TP53BP1,OV,IntOGen,OV_TCGA,C
TRIO,OV,IntOGen,OV_TCGA,C
YBX1,OV,IntOGen,OV_TCGA,C
ARID1A,PAAD,IntOGen,"PAAD_JH,PAAD_OICR,PAAD_QCMG",A
ARID2,PAAD,IntOGen,"PAAD_JH,PAAD_OICR,PAAD_QCMG",A
ATM,PAAD,IntOGen,"PAAD_JH,PAAD_OICR,PAAD_QCMG",A
EPC1,PAAD,IntOGen,"PAAD_JH,PAAD_OICR,PAAD_QCMG",A
KRAS,PAAD,IntOGen,"PAAD_JH,PAAD_OICR,PAAD_QCMG",A
MAP2K4,PAAD,IntOGen,"PAAD_JH,PAAD_OICR,PAAD_QCMG",A
MLL3,PAAD,IntOGen,"PAAD_JH,PAAD_OICR,PAAD_QCMG",A
PBRM1,PAAD,IntOGen,"PAAD_JH,PAAD_OICR,PAAD_QCMG",A
SMAD4,PAAD,IntOGen,"PAAD_JH,PAAD_OICR,PAAD_QCMG",A
TGFBR2,PAAD,IntOGen,"PAAD_JH,PAAD_OICR,PAAD_QCMG",A
TP53,PAAD,IntOGen,"PAAD_JH,PAAD_OICR,PAAD_QCMG",A
CREBBP,PAAD,IntOGen,"PAAD_JH,PAAD_OICR,PAAD_QCMG",B
EP300,PAAD,IntOGen,"PAAD_JH,PAAD_OICR,PAAD_QCMG",B
SF3B1,PAAD,IntOGen,"PAAD_JH,PAAD_OICR,PAAD_QCMG",B
SMARCA4,PAAD,IntOGen,"PAAD_JH,PAAD_OICR,PAAD_QCMG",B
ACVR1B,PAAD,IntOGen,"PAAD_JH,PAAD_OICR,PAAD_QCMG",C
AHNAK,PAAD,IntOGen,"PAAD_JH,PAAD_OICR,PAAD_QCMG",C
ANK3,PAAD,IntOGen,"PAAD_JH,PAAD_OICR,PAAD_QCMG",C
ARHGAP35,PAAD,IntOGen,"PAAD_JH,PAAD_OICR,PAAD_QCMG",C
PCDH18,PAAD,IntOGen,"PAAD_JH,PAAD_OICR,PAAD_QCMG",C
PCSK6,PAAD,IntOGen,"PAAD_JH,PAAD_OICR,PAAD_QCMG",C
APC,PRAD,IntOGen,PRAD_TCGA,A
ATM,PRAD,IntOGen,PRAD_TCGA,A
ATRX,PRAD,IntOGen,PRAD_TCGA,A
BRAF,PRAD,IntOGen,PRAD_TCGA,A
CDH1,PRAD,IntOGen,PRAD_TCGA,A
CDKN1B,PRAD,IntOGen,PRAD_TCGA,A
CHD4,PRAD,IntOGen,PRAD_TCGA,A
CTNNB1,PRAD,IntOGen,PRAD_TCGA,A
EGFR,PRAD,IntOGen,PRAD_TCGA,A
FAT1,PRAD,IntOGen,PRAD_TCGA,A
FRG1,PRAD,IntOGen,PRAD_TCGA,A
FRG1B*,PRAD,IntOGen,PRAD_TCGA,A
HRAS,PRAD,IntOGen,PRAD_TCGA,A
IDH1,PRAD,IntOGen,PRAD_TCGA,A
KDM6A,PRAD,IntOGen,PRAD_TCGA,A
KEAP1,PRAD,IntOGen,PRAD_TCGA,A
MLL2,PRAD,IntOGen,PRAD_TCGA,A
PTEN,PRAD,IntOGen,PRAD_TCGA,A
RPSAP58,PRAD,IntOGen,PRAD_TCGA,A
SCAI,PRAD,IntOGen,PRAD_TCGA,A
SMAD4,PRAD,IntOGen,PRAD_TCGA,A
SPOP,PRAD,IntOGen,PRAD_TCGA,A
TBL1XR1,PRAD,IntOGen,PRAD_TCGA,A
TP53,PRAD,IntOGen,PRAD_TCGA,A
ZNF814,PRAD,IntOGen,PRAD_TCGA,A
AKAP9,PRAD,IntOGen,PRAD_TCGA,B
ATIC,PRAD,IntOGen,PRAD_TCGA,B
BCOR,PRAD,IntOGen,PRAD_TCGA,B
CHEK2,PRAD,IntOGen,PRAD_TCGA,B
EP300,PRAD,IntOGen,PRAD_TCGA,B
ERCC2,PRAD,IntOGen,PRAD_TCGA,B
FGFR2,PRAD,IntOGen,PRAD_TCGA,B
FIP1L1,PRAD,IntOGen,PRAD_TCGA,B
GNAS,PRAD,IntOGen,PRAD_TCGA,B
HNF1A,PRAD,IntOGen,PRAD_TCGA,B
HSP90AB1,PRAD,IntOGen,PRAD_TCGA,B
MECOM,PRAD,IntOGen,PRAD_TCGA,B
MED12,PRAD,IntOGen,PRAD_TCGA,B
NOTCH1,PRAD,IntOGen,PRAD_TCGA,B
NOTCH2,PRAD,IntOGen,PRAD_TCGA,B
NUP98,PRAD,IntOGen,PRAD_TCGA,B
SMARCB1,PRAD,IntOGen,PRAD_TCGA,B
THRAP3,PRAD,IntOGen,PRAD_TCGA,B
WHSC1L1,PRAD,IntOGen,PRAD_TCGA,B
ADCY1,PRAD,IntOGen,PRAD_TCGA,C
AHNAK,PRAD,IntOGen,PRAD_TCGA,C
AQR,PRAD,IntOGen,PRAD_TCGA,C
ARFGAP3,PRAD,IntOGen,PRAD_TCGA,C
ARID1B,PRAD,IntOGen,PRAD_TCGA,C
BCLAF1,PRAD,IntOGen,PRAD_TCGA,C
BNC2,PRAD,IntOGen,PRAD_TCGA,C
BPTF,PRAD,IntOGen,PRAD_TCGA,C
CASP1,PRAD,IntOGen,PRAD_TCGA,C
CAT,PRAD,IntOGen,PRAD_TCGA,C
CDC27,PRAD,IntOGen,PRAD_TCGA,C
CEP290,PRAD,IntOGen,PRAD_TCGA,C
CHD1L,PRAD,IntOGen,PRAD_TCGA,C
CHD3,PRAD,IntOGen,PRAD_TCGA,C
CNOT1,PRAD,IntOGen,PRAD_TCGA,C
CNOT3,PRAD,IntOGen,PRAD_TCGA,C
CNTNAP1,PRAD,IntOGen,PRAD_TCGA,C
CUL2,PRAD,IntOGen,PRAD_TCGA,C
CUL3,PRAD,IntOGen,PRAD_TCGA,C
EEF1B2,PRAD,IntOGen,PRAD_TCGA,C
EIF2AK3,PRAD,IntOGen,PRAD_TCGA,C
EIF4G1,PRAD,IntOGen,PRAD_TCGA,C
FN1,PRAD,IntOGen,PRAD_TCGA,C
G3BP2,PRAD,IntOGen,PRAD_TCGA,C
HGF,PRAD,IntOGen,PRAD_TCGA,C
HSPA8,PRAD,IntOGen,PRAD_TCGA,C
IRS2,PRAD,IntOGen,PRAD_TCGA,C
MYH10,PRAD,IntOGen,PRAD_TCGA,C
NAP1L1,PRAD,IntOGen,PRAD_TCGA,C
NKX3-1,PRAD,IntOGen,PRAD_TCGA,C
PCDH18,PRAD,IntOGen,PRAD_TCGA,C
PIK3CB,PRAD,IntOGen,PRAD_TCGA,C
PLXNA1,PRAD,IntOGen,PRAD_TCGA,C
PRPF8,PRAD,IntOGen,PRAD_TCGA,C
SETDB1,PRAD,IntOGen,PRAD_TCGA,C
SMARCA1,PRAD,IntOGen,PRAD_TCGA,C
SVEP1,PRAD,IntOGen,PRAD_TCGA,C
TAOK2,PRAD,IntOGen,PRAD_TCGA,C
TBX3,PRAD,IntOGen,PRAD_TCGA,C
TJP1,PRAD,IntOGen,PRAD_TCGA,C
TJP2,PRAD,IntOGen,PRAD_TCGA,C
TP53BP1,PRAD,IntOGen,PRAD_TCGA,C
TRIO,PRAD,IntOGen,PRAD_TCGA,C
WNT5A,PRAD,IntOGen,PRAD_TCGA,C
ZFHX3,PRAD,IntOGen,PRAD_TCGA,C
ARID1A,SCLC,IntOGen,"SCLC_Cologne,SCLC_JH",A
ARID2,SCLC,IntOGen,"SCLC_Cologne,SCLC_JH",A
ATRX,SCLC,IntOGen,"SCLC_Cologne,SCLC_JH",A
FAT1,SCLC,IntOGen,"SCLC_Cologne,SCLC_JH",A
KDM6A,SCLC,IntOGen,"SCLC_Cologne,SCLC_JH",A
MLL2,SCLC,IntOGen,"SCLC_Cologne,SCLC_JH",A
MLL3,SCLC,IntOGen,"SCLC_Cologne,SCLC_JH",A
NF1,SCLC,IntOGen,"SCLC_Cologne,SCLC_JH",A
PIK3CA,SCLC,IntOGen,"SCLC_Cologne,SCLC_JH",A
PTEN,SCLC,IntOGen,"SCLC_Cologne,SCLC_JH",A
RB1,SCLC,IntOGen,"SCLC_Cologne,SCLC_JH",A
TP53,SCLC,IntOGen,"SCLC_Cologne,SCLC_JH",A
AKAP9,SCLC,IntOGen,"SCLC_Cologne,SCLC_JH",B
CDK12,SCLC,IntOGen,"SCLC_Cologne,SCLC_JH",B
CHEK2,SCLC,IntOGen,"SCLC_Cologne,SCLC_JH",B
CREBBP,SCLC,IntOGen,"SCLC_Cologne,SCLC_JH",B
DICER1,SCLC,IntOGen,"SCLC_Cologne,SCLC_JH",B
EP300,SCLC,IntOGen,"SCLC_Cologne,SCLC_JH",B
FAM123B,SCLC,IntOGen,"SCLC_Cologne,SCLC_JH",B
GNAS,SCLC,IntOGen,"SCLC_Cologne,SCLC_JH",B
HSP90AB1,SCLC,IntOGen,"SCLC_Cologne,SCLC_JH",B
MED12,SCLC,IntOGen,"SCLC_Cologne,SCLC_JH",B
MLL,SCLC,IntOGen,"SCLC_Cologne,SCLC_JH",B
MYB,SCLC,IntOGen,"SCLC_Cologne,SCLC_JH",B
NOTCH1,SCLC,IntOGen,"SCLC_Cologne,SCLC_JH",B
AHNAK,SCLC,IntOGen,"SCLC_Cologne,SCLC_JH",C
AHR,SCLC,IntOGen,"SCLC_Cologne,SCLC_JH",C
ANK3,SCLC,IntOGen,"SCLC_Cologne,SCLC_JH",C
ARID1B,SCLC,IntOGen,"SCLC_Cologne,SCLC_JH",C
ASH1L,SCLC,IntOGen,"SCLC_Cologne,SCLC_JH",C
ASPM,SCLC,IntOGen,"SCLC_Cologne,SCLC_JH",C
ATR,SCLC,IntOGen,"SCLC_Cologne,SCLC_JH",C
BAZ2B,SCLC,IntOGen,"SCLC_Cologne,SCLC_JH",C
BCLAF1,SCLC,IntOGen,"SCLC_Cologne,SCLC_JH",C
BMPR2,SCLC,IntOGen,"SCLC_Cologne,SCLC_JH",C
BNC2,SCLC,IntOGen,"SCLC_Cologne,SCLC_JH",C
BRWD1,SCLC,IntOGen,"SCLC_Cologne,SCLC_JH",C
CCT5,SCLC,IntOGen,"SCLC_Cologne,SCLC_JH",C
CHD1L,SCLC,IntOGen,"SCLC_Cologne,SCLC_JH",C
CLSPN,SCLC,IntOGen,"SCLC_Cologne,SCLC_JH",C
EIF2AK3,SCLC,IntOGen,"SCLC_Cologne,SCLC_JH",C
FN1,SCLC,IntOGen,"SCLC_Cologne,SCLC_JH",C
HGF,SCLC,IntOGen,"SCLC_Cologne,SCLC_JH",C
ITSN1,SCLC,IntOGen,"SCLC_Cologne,SCLC_JH",C
KALRN,SCLC,IntOGen,"SCLC_Cologne,SCLC_JH",C
MNDA,SCLC,IntOGen,"SCLC_Cologne,SCLC_JH",C
MSR1,SCLC,IntOGen,"SCLC_Cologne,SCLC_JH",C
MTOR,SCLC,IntOGen,"SCLC_Cologne,SCLC_JH",C
NCKAP1,SCLC,IntOGen,"SCLC_Cologne,SCLC_JH",C
NR4A2,SCLC,IntOGen,"SCLC_Cologne,SCLC_JH",C
NUP107,SCLC,IntOGen,"SCLC_Cologne,SCLC_JH",C
PTPRU,SCLC,IntOGen,"SCLC_Cologne,SCLC_JH",C
RAD21,SCLC,IntOGen,"SCLC_Cologne,SCLC_JH",C
SIN3A,SCLC,IntOGen,"SCLC_Cologne,SCLC_JH",C
SOS1,SCLC,IntOGen,"SCLC_Cologne,SCLC_JH",C
SOS2,SCLC,IntOGen,"SCLC_Cologne,SCLC_JH",C
SPTAN1,SCLC,IntOGen,"SCLC_Cologne,SCLC_JH",C
TAF1,SCLC,IntOGen,"SCLC_Cologne,SCLC_JH",C
TBX3,SCLC,IntOGen,"SCLC_Cologne,SCLC_JH",C
TJP1,SCLC,IntOGen,"SCLC_Cologne,SCLC_JH",C
ZC3H11A,SCLC,IntOGen,"SCLC_Cologne,SCLC_JH",C
ACTG1,SKCM,IntOGen,"SKCM_Broad,SKCM_TCGA",A
ACVR2A,SKCM,IntOGen,"SKCM_Broad,SKCM_TCGA",A
AKT1,SKCM,IntOGen,"SKCM_Broad,SKCM_TCGA",A
ARID2,SKCM,IntOGen,"SKCM_Broad,SKCM_TCGA",A
ATRX,SKCM,IntOGen,"SKCM_Broad,SKCM_TCGA",A
B2M,SKCM,IntOGen,"SKCM_Broad,SKCM_TCGA",A
BAP1,SKCM,IntOGen,"SKCM_Broad,SKCM_TCGA",A
BRAF,SKCM,IntOGen,"SKCM_Broad,SKCM_TCGA",A
CASP8,SKCM,IntOGen,"SKCM_Broad,SKCM_TCGA",A
CDH1,SKCM,IntOGen,"SKCM_Broad,SKCM_TCGA",A
CDKN1A,SKCM,IntOGen,"SKCM_Broad,SKCM_TCGA",A
CDKN2A,SKCM,IntOGen,"SKCM_Broad,SKCM_TCGA",A
CIC,SKCM,IntOGen,"SKCM_Broad,SKCM_TCGA",A
CLCC1,SKCM,IntOGen,"SKCM_Broad,SKCM_TCGA",A
CTCF,SKCM,IntOGen,"SKCM_Broad,SKCM_TCGA",A
CTNNB1,SKCM,IntOGen,"SKCM_Broad,SKCM_TCGA",A
DDX5,SKCM,IntOGen,"SKCM_Broad,SKCM_TCGA",A
DNMT3A,SKCM,IntOGen,"SKCM_Broad,SKCM_TCGA",A
EIF1AX,SKCM,IntOGen,"SKCM_Broad,SKCM_TCGA",A
ELF3,SKCM,IntOGen,"SKCM_Broad,SKCM_TCGA",A
FBXW7,SKCM,IntOGen,"SKCM_Broad,SKCM_TCGA",A
FRG1B*,SKCM,IntOGen,"SKCM_Broad,SKCM_TCGA",A
FUBP1,SKCM,IntOGen,"SKCM_Broad,SKCM_TCGA",A
GATA3,SKCM,IntOGen,"SKCM_Broad,SKCM_TCGA",A
HRAS,SKCM,IntOGen,"SKCM_Broad,SKCM_TCGA",A
IDH1,SKCM,IntOGen,"SKCM_Broad,SKCM_TCGA",A
IDH2,SKCM,IntOGen,"SKCM_Broad,SKCM_TCGA",A
KDM5C,SKCM,IntOGen,"SKCM_Broad,SKCM_TCGA",A
KDM6A,SKCM,IntOGen,"SKCM_Broad,SKCM_TCGA",A
KRAS,SKCM,IntOGen,"SKCM_Broad,SKCM_TCGA",A
MAP2K1,SKCM,IntOGen,"SKCM_Broad,SKCM_TCGA",A
MAP2K4,SKCM,IntOGen,"SKCM_Broad,SKCM_TCGA",A
MAP3K1,SKCM,IntOGen,"SKCM_Broad,SKCM_TCGA",A
MLL3,SKCM,IntOGen,"SKCM_Broad,SKCM_TCGA",A
NF1,SKCM,IntOGen,"SKCM_Broad,SKCM_TCGA",A
NFE2L2,SKCM,IntOGen,"SKCM_Broad,SKCM_TCGA",A
NPM1,SKCM,IntOGen,"SKCM_Broad,SKCM_TCGA",A
NRAS,SKCM,IntOGen,"SKCM_Broad,SKCM_TCGA",A
PHF6,SKCM,IntOGen,"SKCM_Broad,SKCM_TCGA",A
PIK3CA,SKCM,IntOGen,"SKCM_Broad,SKCM_TCGA",A
PIK3R1,SKCM,IntOGen,"SKCM_Broad,SKCM_TCGA",A
PPP6C,SKCM,IntOGen,"SKCM_Broad,SKCM_TCGA",A
PTEN,SKCM,IntOGen,"SKCM_Broad,SKCM_TCGA",A
RAC1,SKCM,IntOGen,"SKCM_Broad,SKCM_TCGA",A
RASA1,SKCM,IntOGen,"SKCM_Broad,SKCM_TCGA",A
RB1,SKCM,IntOGen,"SKCM_Broad,SKCM_TCGA",A
RHOA,SKCM,IntOGen,"SKCM_Broad,SKCM_TCGA",A
RPL22,SKCM,IntOGen,"SKCM_Broad,SKCM_TCGA",A
RPL5,SKCM,IntOGen,"SKCM_Broad,SKCM_TCGA",A
RUNX1,SKCM,IntOGen,"SKCM_Broad,SKCM_TCGA",A
SMAD2,SKCM,IntOGen,"SKCM_Broad,SKCM_TCGA",A
SMAD4,SKCM,IntOGen,"SKCM_Broad,SKCM_TCGA",A
SOX9,SKCM,IntOGen,"SKCM_Broad,SKCM_TCGA",A
SPOP,SKCM,IntOGen,"SKCM_Broad,SKCM_TCGA",A
STAG2,SKCM,IntOGen,"SKCM_Broad,SKCM_TCGA",A
STK11,SKCM,IntOGen,"SKCM_Broad,SKCM_TCGA",A
TBX3,SKCM,IntOGen,"SKCM_Broad,SKCM_TCGA",A
TP53,SKCM,IntOGen,"SKCM_Broad,SKCM_TCGA",A
VHL,SKCM,IntOGen,"SKCM_Broad,SKCM_TCGA",A
WT1,SKCM,IntOGen,"SKCM_Broad,SKCM_TCGA",A
ACSL3,SKCM,IntOGen,"SKCM_Broad,SKCM_TCGA",B
AFF4,SKCM,IntOGen,"SKCM_Broad,SKCM_TCGA",B
ARHGAP26,SKCM,IntOGen,"SKCM_Broad,SKCM_TCGA",B
ATF1,SKCM,IntOGen,"SKCM_Broad,SKCM_TCGA",B
ATIC,SKCM,IntOGen,"SKCM_Broad,SKCM_TCGA",B
BLM,SKCM,IntOGen,"SKCM_Broad,SKCM_TCGA",B
BRCA1,SKCM,IntOGen,"SKCM_Broad,SKCM_TCGA",B
C15orf55,SKCM,IntOGen,"SKCM_Broad,SKCM_TCGA",B
CBFB,SKCM,IntOGen,"SKCM_Broad,SKCM_TCGA",B
CDC73,SKCM,IntOGen,"SKCM_Broad,SKCM_TCGA",B
CDK4,SKCM,IntOGen,"SKCM_Broad,SKCM_TCGA",B
CHEK2,SKCM,IntOGen,"SKCM_Broad,SKCM_TCGA",B
CLTC,SKCM,IntOGen,"SKCM_Broad,SKCM_TCGA",B
COL1A1,SKCM,IntOGen,"SKCM_Broad,SKCM_TCGA",B
CRTC3,SKCM,IntOGen,"SKCM_Broad,SKCM_TCGA",B
CYLD,SKCM,IntOGen,"SKCM_Broad,SKCM_TCGA",B
DICER1,SKCM,IntOGen,"SKCM_Broad,SKCM_TCGA",B
EIF4A2,SKCM,IntOGen,"SKCM_Broad,SKCM_TCGA",B
EP300,SKCM,IntOGen,"SKCM_Broad,SKCM_TCGA",B
EZH2,SKCM,IntOGen,"SKCM_Broad,SKCM_TCGA",B
FAS,SKCM,IntOGen,"SKCM_Broad,SKCM_TCGA",B
FCRL4,SKCM,IntOGen,"SKCM_Broad,SKCM_TCGA",B
FGFR3,SKCM,IntOGen,"SKCM_Broad,SKCM_TCGA",B
FOXP1,SKCM,IntOGen,"SKCM_Broad,SKCM_TCGA",B
GOLGA5,SKCM,IntOGen,"SKCM_Broad,SKCM_TCGA",B
HLF,SKCM,IntOGen,"SKCM_Broad,SKCM_TCGA",B
KLF6,SKCM,IntOGen,"SKCM_Broad,SKCM_TCGA",B
LCP1,SKCM,IntOGen,"SKCM_Broad,SKCM_TCGA",B
MECOM,SKCM,IntOGen,"SKCM_Broad,SKCM_TCGA",B
MEN1,SKCM,IntOGen,"SKCM_Broad,SKCM_TCGA",B
MKL1,SKCM,IntOGen,"SKCM_Broad,SKCM_TCGA",B
MLH1,SKCM,IntOGen,"SKCM_Broad,SKCM_TCGA",B
NDRG1,SKCM,IntOGen,"SKCM_Broad,SKCM_TCGA",B
NF2,SKCM,IntOGen,"SKCM_Broad,SKCM_TCGA",B
NOTCH1,SKCM,IntOGen,"SKCM_Broad,SKCM_TCGA",B
NUP98,SKCM,IntOGen,"SKCM_Broad,SKCM_TCGA",B
PAX5,SKCM,IntOGen,"SKCM_Broad,SKCM_TCGA",B
PER1,SKCM,IntOGen,"SKCM_Broad,SKCM_TCGA",B
PPP2R1A,SKCM,IntOGen,"SKCM_Broad,SKCM_TCGA",B
PRRX1,SKCM,IntOGen,"SKCM_Broad,SKCM_TCGA",B
SF3B1,SKCM,IntOGen,"SKCM_Broad,SKCM_TCGA",B
SFPQ,SKCM,IntOGen,"SKCM_Broad,SKCM_TCGA",B
SUZ12,SKCM,IntOGen,"SKCM_Broad,SKCM_TCGA",B
SYK,SKCM,IntOGen,"SKCM_Broad,SKCM_TCGA",B
TCF12,SKCM,IntOGen,"SKCM_Broad,SKCM_TCGA",B
USP6,SKCM,IntOGen,"SKCM_Broad,SKCM_TCGA",B
ZMYM2,SKCM,IntOGen,"SKCM_Broad,SKCM_TCGA",B
ZNF814,SKCM,IntOGen,"SKCM_Broad,SKCM_TCGA",B
ACO1,SKCM,IntOGen,"SKCM_Broad,SKCM_TCGA",C
ACTG2,SKCM,IntOGen,"SKCM_Broad,SKCM_TCGA",C
ACVR1B,SKCM,IntOGen,"SKCM_Broad,SKCM_TCGA",C
AHCTF1,SKCM,IntOGen,"SKCM_Broad,SKCM_TCGA",C
AHNAK,SKCM,IntOGen,"SKCM_Broad,SKCM_TCGA",C
AHR,SKCM,IntOGen,"SKCM_Broad,SKCM_TCGA",C
ANK3,SKCM,IntOGen,"SKCM_Broad,SKCM_TCGA",C
AQR,SKCM,IntOGen,"SKCM_Broad,SKCM_TCGA",C
ARFGAP1,SKCM,IntOGen,"SKCM_Broad,SKCM_TCGA",C
ARFGEF2,SKCM,IntOGen,"SKCM_Broad,SKCM_TCGA",C
ARHGAP29,SKCM,IntOGen,"SKCM_Broad,SKCM_TCGA",C
ARHGAP35,SKCM,IntOGen,"SKCM_Broad,SKCM_TCGA",C
ARHGEF2,SKCM,IntOGen,"SKCM_Broad,SKCM_TCGA",C
ARHGEF6,SKCM,IntOGen,"SKCM_Broad,SKCM_TCGA",C
ARID1B,SKCM,IntOGen,"SKCM_Broad,SKCM_TCGA",C
ASPM,SKCM,IntOGen,"SKCM_Broad,SKCM_TCGA",C
ATP6AP2,SKCM,IntOGen,"SKCM_Broad,SKCM_TCGA",C
BAZ2B,SKCM,IntOGen,"SKCM_Broad,SKCM_TCGA",C
BCLAF1,SKCM,IntOGen,"SKCM_Broad,SKCM_TCGA",C
BMPR2,SKCM,IntOGen,"SKCM_Broad,SKCM_TCGA",C
BNC2,SKCM,IntOGen,"SKCM_Broad,SKCM_TCGA",C
BPTF,SKCM,IntOGen,"SKCM_Broad,SKCM_TCGA",C
BRWD1,SKCM,IntOGen,"SKCM_Broad,SKCM_TCGA",C
CASP1,SKCM,IntOGen,"SKCM_Broad,SKCM_TCGA",C
CAST,SKCM,IntOGen,"SKCM_Broad,SKCM_TCGA",C
CAT,SKCM,IntOGen,"SKCM_Broad,SKCM_TCGA",C
CCAR1,SKCM,IntOGen,"SKCM_Broad,SKCM_TCGA",C
CCT5,SKCM,IntOGen,"SKCM_Broad,SKCM_TCGA",C
CEP290,SKCM,IntOGen,"SKCM_Broad,SKCM_TCGA",C
CHD1L,SKCM,IntOGen,"SKCM_Broad,SKCM_TCGA",C
CHD3,SKCM,IntOGen,"SKCM_Broad,SKCM_TCGA",C
CHD6,SKCM,IntOGen,"SKCM_Broad,SKCM_TCGA",C
CHD9,SKCM,IntOGen,"SKCM_Broad,SKCM_TCGA",C
CLASP2,SKCM,IntOGen,"SKCM_Broad,SKCM_TCGA",C
CLOCK,SKCM,IntOGen,"SKCM_Broad,SKCM_TCGA",C
CLSPN,SKCM,IntOGen,"SKCM_Broad,SKCM_TCGA",C
CNOT3,SKCM,IntOGen,"SKCM_Broad,SKCM_TCGA",C
COPS2,SKCM,IntOGen,"SKCM_Broad,SKCM_TCGA",C
CSDA,SKCM,IntOGen,"SKCM_Broad,SKCM_TCGA",C
CSNK1G3,SKCM,IntOGen,"SKCM_Broad,SKCM_TCGA",C
CUL1,SKCM,IntOGen,"SKCM_Broad,SKCM_TCGA",C
CUL2,SKCM,IntOGen,"SKCM_Broad,SKCM_TCGA",C
CUL3,SKCM,IntOGen,"SKCM_Broad,SKCM_TCGA",C
CYTH4,SKCM,IntOGen,"SKCM_Broad,SKCM_TCGA",C
DDX3X,SKCM,IntOGen,"SKCM_Broad,SKCM_TCGA",C
DHX15,SKCM,IntOGen,"SKCM_Broad,SKCM_TCGA",C
DIS3,SKCM,IntOGen,"SKCM_Broad,SKCM_TCGA",C
DLG1,SKCM,IntOGen,"SKCM_Broad,SKCM_TCGA",C
EIF2AK3,SKCM,IntOGen,"SKCM_Broad,SKCM_TCGA",C
EIF4G1,SKCM,IntOGen,"SKCM_Broad,SKCM_TCGA",C
EIF4G3,SKCM,IntOGen,"SKCM_Broad,SKCM_TCGA",C
ELF1,SKCM,IntOGen,"SKCM_Broad,SKCM_TCGA",C
ERBB2IP,SKCM,IntOGen,"SKCM_Broad,SKCM_TCGA",C
ERBB3,SKCM,IntOGen,"SKCM_Broad,SKCM_TCGA",C
FAF1,SKCM,IntOGen,"SKCM_Broad,SKCM_TCGA",C
FANCI,SKCM,IntOGen,"SKCM_Broad,SKCM_TCGA",C
FMR1,SKCM,IntOGen,"SKCM_Broad,SKCM_TCGA",C
FN1,SKCM,IntOGen,"SKCM_Broad,SKCM_TCGA",C
FXR1,SKCM,IntOGen,"SKCM_Broad,SKCM_TCGA",C
G3BP2,SKCM,IntOGen,"SKCM_Broad,SKCM_TCGA",C
GNG2,SKCM,IntOGen,"SKCM_Broad,SKCM_TCGA",C
HDAC3,SKCM,IntOGen,"SKCM_Broad,SKCM_TCGA",C
HDAC9,SKCM,IntOGen,"SKCM_Broad,SKCM_TCGA",C
HLA-A,SKCM,IntOGen,"SKCM_Broad,SKCM_TCGA",C
HLA-B,SKCM,IntOGen,"SKCM_Broad,SKCM_TCGA",C
HNRPDL,SKCM,IntOGen,"SKCM_Broad,SKCM_TCGA",C
HSPA8,SKCM,IntOGen,"SKCM_Broad,SKCM_TCGA",C
IREB2,SKCM,IntOGen,"SKCM_Broad,SKCM_TCGA",C
IRF7,SKCM,IntOGen,"SKCM_Broad,SKCM_TCGA",C
ITGA9,SKCM,IntOGen,"SKCM_Broad,SKCM_TCGA",C
ITSN1,SKCM,IntOGen,"SKCM_Broad,SKCM_TCGA",C
JMY,SKCM,IntOGen,"SKCM_Broad,SKCM_TCGA",C
KLF4,SKCM,IntOGen,"SKCM_Broad,SKCM_TCGA",C
LDHA,SKCM,IntOGen,"SKCM_Broad,SKCM_TCGA",C
LNPEP,SKCM,IntOGen,"SKCM_Broad,SKCM_TCGA",C
LRP6,SKCM,IntOGen,"SKCM_Broad,SKCM_TCGA",C
LRPPRC,SKCM,IntOGen,"SKCM_Broad,SKCM_TCGA",C
MAGI2,SKCM,IntOGen,"SKCM_Broad,SKCM_TCGA",C
MAP3K11,SKCM,IntOGen,"SKCM_Broad,SKCM_TCGA",C
MAP3K4,SKCM,IntOGen,"SKCM_Broad,SKCM_TCGA",C
MAP4K3,SKCM,IntOGen,"SKCM_Broad,SKCM_TCGA",C
MAT2A,SKCM,IntOGen,"SKCM_Broad,SKCM_TCGA",C
MCM3,SKCM,IntOGen,"SKCM_Broad,SKCM_TCGA",C
MCM8,SKCM,IntOGen,"SKCM_Broad,SKCM_TCGA",C
MED17,SKCM,IntOGen,"SKCM_Broad,SKCM_TCGA",C
MED24,SKCM,IntOGen,"SKCM_Broad,SKCM_TCGA",C
MFNG,SKCM,IntOGen,"SKCM_Broad,SKCM_TCGA",C
MSR1,SKCM,IntOGen,"SKCM_Broad,SKCM_TCGA",C
NCF2,SKCM,IntOGen,"SKCM_Broad,SKCM_TCGA",C
NCKAP1,SKCM,IntOGen,"SKCM_Broad,SKCM_TCGA",C
NCOR1,SKCM,IntOGen,"SKCM_Broad,SKCM_TCGA",C
NFATC4,SKCM,IntOGen,"SKCM_Broad,SKCM_TCGA",C
NR2F2,SKCM,IntOGen,"SKCM_Broad,SKCM_TCGA",C
NR4A2,SKCM,IntOGen,"SKCM_Broad,SKCM_TCGA",C
NTN4,SKCM,IntOGen,"SKCM_Broad,SKCM_TCGA",C
NUP107,SKCM,IntOGen,"SKCM_Broad,SKCM_TCGA",C
PCDH18,SKCM,IntOGen,"SKCM_Broad,SKCM_TCGA",C
PIK3C2B,SKCM,IntOGen,"SKCM_Broad,SKCM_TCGA",C
PIK3CB,SKCM,IntOGen,"SKCM_Broad,SKCM_TCGA",C
PIK3R3,SKCM,IntOGen,"SKCM_Broad,SKCM_TCGA",C
PIP5K1A,SKCM,IntOGen,"SKCM_Broad,SKCM_TCGA",C
PLCB1,SKCM,IntOGen,"SKCM_Broad,SKCM_TCGA",C
POLR2B,SKCM,IntOGen,"SKCM_Broad,SKCM_TCGA",C
POM121,SKCM,IntOGen,"SKCM_Broad,SKCM_TCGA",C
PPP2R5A,SKCM,IntOGen,"SKCM_Broad,SKCM_TCGA",C
PPP2R5C,SKCM,IntOGen,"SKCM_Broad,SKCM_TCGA",C
PSMA6,SKCM,IntOGen,"SKCM_Broad,SKCM_TCGA",C
PTGS1,SKCM,IntOGen,"SKCM_Broad,SKCM_TCGA",C
RAD21,SKCM,IntOGen,"SKCM_Broad,SKCM_TCGA",C
RAD23B,SKCM,IntOGen,"SKCM_Broad,SKCM_TCGA",C
RASA2,SKCM,IntOGen,"SKCM_Broad,SKCM_TCGA",C
RBBP7,SKCM,IntOGen,"SKCM_Broad,SKCM_TCGA",C
RGS3,SKCM,IntOGen,"SKCM_Broad,SKCM_TCGA",C
RHEB,SKCM,IntOGen,"SKCM_Broad,SKCM_TCGA",C
RHOT1,SKCM,IntOGen,"SKCM_Broad,SKCM_TCGA",C
RTN4,SKCM,IntOGen,"SKCM_Broad,SKCM_TCGA",C
SEC24D,SKCM,IntOGen,"SKCM_Broad,SKCM_TCGA",C
SETDB1,SKCM,IntOGen,"SKCM_Broad,SKCM_TCGA",C
SF3A3,SKCM,IntOGen,"SKCM_Broad,SKCM_TCGA",C
SMC1A,SKCM,IntOGen,"SKCM_Broad,SKCM_TCGA",C
SMURF2,SKCM,IntOGen,"SKCM_Broad,SKCM_TCGA",C
SOS1,SKCM,IntOGen,"SKCM_Broad,SKCM_TCGA",C
SOS2,SKCM,IntOGen,"SKCM_Broad,SKCM_TCGA",C
STAG1,SKCM,IntOGen,"SKCM_Broad,SKCM_TCGA",C
SVEP1,SKCM,IntOGen,"SKCM_Broad,SKCM_TCGA",C
SYNCRIP,SKCM,IntOGen,"SKCM_Broad,SKCM_TCGA",C
TAOK1,SKCM,IntOGen,"SKCM_Broad,SKCM_TCGA",C
TCF4,SKCM,IntOGen,"SKCM_Broad,SKCM_TCGA",C
TFDP1,SKCM,IntOGen,"SKCM_Broad,SKCM_TCGA",C
TFDP2,SKCM,IntOGen,"SKCM_Broad,SKCM_TCGA",C
TGFBR2,SKCM,IntOGen,"SKCM_Broad,SKCM_TCGA",C
TJP2,SKCM,IntOGen,"SKCM_Broad,SKCM_TCGA",C
TNPO1,SKCM,IntOGen,"SKCM_Broad,SKCM_TCGA",C
TRERF1,SKCM,IntOGen,"SKCM_Broad,SKCM_TCGA",C
VIM,SKCM,IntOGen,"SKCM_Broad,SKCM_TCGA",C
WASF3,SKCM,IntOGen,"SKCM_Broad,SKCM_TCGA",C
WIPF1,SKCM,IntOGen,"SKCM_Broad,SKCM_TCGA",C
WNK1,SKCM,IntOGen,"SKCM_Broad,SKCM_TCGA",C
XRN1,SKCM,IntOGen,"SKCM_Broad,SKCM_TCGA",C
YBX1,SKCM,IntOGen,"SKCM_Broad,SKCM_TCGA",C
ZC3H11A,SKCM,IntOGen,"SKCM_Broad,SKCM_TCGA",C
ZFP36L2,SKCM,IntOGen,"SKCM_Broad,SKCM_TCGA",C
ZNF638,SKCM,IntOGen,"SKCM_Broad,SKCM_TCGA",C
ACVR2A,STAD,IntOGen,"GAST_Pfizer,STAD_TCGA",A
APC,STAD,IntOGen,"GAST_Pfizer,STAD_TCGA",A
ARID1A,STAD,IntOGen,"GAST_Pfizer,STAD_TCGA",A
ATRX,STAD,IntOGen,"GAST_Pfizer,STAD_TCGA",A
BAP1,STAD,IntOGen,"GAST_Pfizer,STAD_TCGA",A
BRAF,STAD,IntOGen,"GAST_Pfizer,STAD_TCGA",A
CASP8,STAD,IntOGen,"GAST_Pfizer,STAD_TCGA",A
CDH1,STAD,IntOGen,"GAST_Pfizer,STAD_TCGA",A
CDKN2A,STAD,IntOGen,"GAST_Pfizer,STAD_TCGA",A
CNOT4,STAD,IntOGen,"GAST_Pfizer,STAD_TCGA",A
CTNNB1,STAD,IntOGen,"GAST_Pfizer,STAD_TCGA",A
DDX5,STAD,IntOGen,"GAST_Pfizer,STAD_TCGA",A
DNMT3A,STAD,IntOGen,"GAST_Pfizer,STAD_TCGA",A
EEF1A1,STAD,IntOGen,"GAST_Pfizer,STAD_TCGA",A
EGFR,STAD,IntOGen,"GAST_Pfizer,STAD_TCGA",A
ELF3,STAD,IntOGen,"GAST_Pfizer,STAD_TCGA",A
FUBP1,STAD,IntOGen,"GAST_Pfizer,STAD_TCGA",A
GATA3,STAD,IntOGen,"GAST_Pfizer,STAD_TCGA",A
KDM6A,STAD,IntOGen,"GAST_Pfizer,STAD_TCGA",A
KRAS,STAD,IntOGen,"GAST_Pfizer,STAD_TCGA",A
LPHN2,STAD,IntOGen,"GAST_Pfizer,STAD_TCGA",A
MAP2K1,STAD,IntOGen,"GAST_Pfizer,STAD_TCGA",A
MAP2K4,STAD,IntOGen,"GAST_Pfizer,STAD_TCGA",A
MAP3K1,STAD,IntOGen,"GAST_Pfizer,STAD_TCGA",A
NFE2L2,STAD,IntOGen,"GAST_Pfizer,STAD_TCGA",A
PHF6,STAD,IntOGen,"GAST_Pfizer,STAD_TCGA",A
PIK3CA,STAD,IntOGen,"GAST_Pfizer,STAD_TCGA",A
PIK3R1,STAD,IntOGen,"GAST_Pfizer,STAD_TCGA",A
PTEN,STAD,IntOGen,"GAST_Pfizer,STAD_TCGA",A
RASA1,STAD,IntOGen,"GAST_Pfizer,STAD_TCGA",A
RHOA,STAD,IntOGen,"GAST_Pfizer,STAD_TCGA",A
RPL22,STAD,IntOGen,"GAST_Pfizer,STAD_TCGA",A
RUNX1,STAD,IntOGen,"GAST_Pfizer,STAD_TCGA",A
SETD2,STAD,IntOGen,"GAST_Pfizer,STAD_TCGA",A
SMAD2,STAD,IntOGen,"GAST_Pfizer,STAD_TCGA",A
SMAD4,STAD,IntOGen,"GAST_Pfizer,STAD_TCGA",A
SPOP,STAD,IntOGen,"GAST_Pfizer,STAD_TCGA",A
TBL1XR1,STAD,IntOGen,"GAST_Pfizer,STAD_TCGA",A
TP53,STAD,IntOGen,"GAST_Pfizer,STAD_TCGA",A
WT1,STAD,IntOGen,"GAST_Pfizer,STAD_TCGA",A
ACSL6,STAD,IntOGen,"GAST_Pfizer,STAD_TCGA",B
AFF4,STAD,IntOGen,"GAST_Pfizer,STAD_TCGA",B
AKAP9,STAD,IntOGen,"GAST_Pfizer,STAD_TCGA",B
ARHGAP26,STAD,IntOGen,"GAST_Pfizer,STAD_TCGA",B
ATIC,STAD,IntOGen,"GAST_Pfizer,STAD_TCGA",B
BCOR,STAD,IntOGen,"GAST_Pfizer,STAD_TCGA",B
BRCA1,STAD,IntOGen,"GAST_Pfizer,STAD_TCGA",B
CDC73,STAD,IntOGen,"GAST_Pfizer,STAD_TCGA",B
CHEK2,STAD,IntOGen,"GAST_Pfizer,STAD_TCGA",B
CLTC,STAD,IntOGen,"GAST_Pfizer,STAD_TCGA",B
COL1A1,STAD,IntOGen,"GAST_Pfizer,STAD_TCGA",B
CYLD,STAD,IntOGen,"GAST_Pfizer,STAD_TCGA",B
EIF4A2,STAD,IntOGen,"GAST_Pfizer,STAD_TCGA",B
ERCC2,STAD,IntOGen,"GAST_Pfizer,STAD_TCGA",B
EZH2,STAD,IntOGen,"GAST_Pfizer,STAD_TCGA",B
FAM123B,STAD,IntOGen,"GAST_Pfizer,STAD_TCGA",B
FAS,STAD,IntOGen,"GAST_Pfizer,STAD_TCGA",B
FGFR2,STAD,IntOGen,"GAST_Pfizer,STAD_TCGA",B
FLT3,STAD,IntOGen,"GAST_Pfizer,STAD_TCGA",B
FOXP1,STAD,IntOGen,"GAST_Pfizer,STAD_TCGA",B
GNA11,STAD,IntOGen,"GAST_Pfizer,STAD_TCGA",B
GOLGA5,STAD,IntOGen,"GAST_Pfizer,STAD_TCGA",B
HSP90AB1,STAD,IntOGen,"GAST_Pfizer,STAD_TCGA",B
KLF6,STAD,IntOGen,"GAST_Pfizer,STAD_TCGA",B
LCP1,STAD,IntOGen,"GAST_Pfizer,STAD_TCGA",B
MECOM,STAD,IntOGen,"GAST_Pfizer,STAD_TCGA",B
MED12,STAD,IntOGen,"GAST_Pfizer,STAD_TCGA",B
MET,STAD,IntOGen,"GAST_Pfizer,STAD_TCGA",B
MKL1,STAD,IntOGen,"GAST_Pfizer,STAD_TCGA",B
MLH1,STAD,IntOGen,"GAST_Pfizer,STAD_TCGA",B
MYH11,STAD,IntOGen,"GAST_Pfizer,STAD_TCGA",B
MYH9,STAD,IntOGen,"GAST_Pfizer,STAD_TCGA",B
NSD1,STAD,IntOGen,"GAST_Pfizer,STAD_TCGA",B
NUP98,STAD,IntOGen,"GAST_Pfizer,STAD_TCGA",B
PPP2R1A,STAD,IntOGen,"GAST_Pfizer,STAD_TCGA",B
PRRX1,STAD,IntOGen,"GAST_Pfizer,STAD_TCGA",B
PTPN11,STAD,IntOGen,"GAST_Pfizer,STAD_TCGA",B
SF3B1,STAD,IntOGen,"GAST_Pfizer,STAD_TCGA",B
SMARCA4,STAD,IntOGen,"GAST_Pfizer,STAD_TCGA",B
SOX9,STAD,IntOGen,"GAST_Pfizer,STAD_TCGA",B
SRGAP3,STAD,IntOGen,"GAST_Pfizer,STAD_TCGA",B
SUZ12,STAD,IntOGen,"GAST_Pfizer,STAD_TCGA",B
TCF7L2,STAD,IntOGen,"GAST_Pfizer,STAD_TCGA",B
THRAP3,STAD,IntOGen,"GAST_Pfizer,STAD_TCGA",B
ZMYM2,STAD,IntOGen,"GAST_Pfizer,STAD_TCGA",B
ACAD8,STAD,IntOGen,"GAST_Pfizer,STAD_TCGA",C
ACTG2,STAD,IntOGen,"GAST_Pfizer,STAD_TCGA",C
ACVR1B,STAD,IntOGen,"GAST_Pfizer,STAD_TCGA",C
ADAM10,STAD,IntOGen,"GAST_Pfizer,STAD_TCGA",C
ANK3,STAD,IntOGen,"GAST_Pfizer,STAD_TCGA",C
AQR,STAD,IntOGen,"GAST_Pfizer,STAD_TCGA",C
ARFGEF1,STAD,IntOGen,"GAST_Pfizer,STAD_TCGA",C
ARHGAP35,STAD,IntOGen,"GAST_Pfizer,STAD_TCGA",C
ARHGEF6,STAD,IntOGen,"GAST_Pfizer,STAD_TCGA",C
ARID1B,STAD,IntOGen,"GAST_Pfizer,STAD_TCGA",C
ARID4A,STAD,IntOGen,"GAST_Pfizer,STAD_TCGA",C
ASH1L,STAD,IntOGen,"GAST_Pfizer,STAD_TCGA",C
ATP6AP2,STAD,IntOGen,"GAST_Pfizer,STAD_TCGA",C
ATR,STAD,IntOGen,"GAST_Pfizer,STAD_TCGA",C
BPTF,STAD,IntOGen,"GAST_Pfizer,STAD_TCGA",C
CAD,STAD,IntOGen,"GAST_Pfizer,STAD_TCGA",C
CAPN7,STAD,IntOGen,"GAST_Pfizer,STAD_TCGA",C
CAT,STAD,IntOGen,"GAST_Pfizer,STAD_TCGA",C
CCAR1,STAD,IntOGen,"GAST_Pfizer,STAD_TCGA",C
CCT5,STAD,IntOGen,"GAST_Pfizer,STAD_TCGA",C
CEP290,STAD,IntOGen,"GAST_Pfizer,STAD_TCGA",C
CHD1L,STAD,IntOGen,"GAST_Pfizer,STAD_TCGA",C
CHD3,STAD,IntOGen,"GAST_Pfizer,STAD_TCGA",C
CLASP2,STAD,IntOGen,"GAST_Pfizer,STAD_TCGA",C
CLOCK,STAD,IntOGen,"GAST_Pfizer,STAD_TCGA",C
CNOT1,STAD,IntOGen,"GAST_Pfizer,STAD_TCGA",C
COPS2,STAD,IntOGen,"GAST_Pfizer,STAD_TCGA",C
CSDA,STAD,IntOGen,"GAST_Pfizer,STAD_TCGA",C
CSDE1,STAD,IntOGen,"GAST_Pfizer,STAD_TCGA",C
CSNK1G3,STAD,IntOGen,"GAST_Pfizer,STAD_TCGA",C
CUL1,STAD,IntOGen,"GAST_Pfizer,STAD_TCGA",C
CUL2,STAD,IntOGen,"GAST_Pfizer,STAD_TCGA",C
CUL3,STAD,IntOGen,"GAST_Pfizer,STAD_TCGA",C
DHX15,STAD,IntOGen,"GAST_Pfizer,STAD_TCGA",C
DIS3,STAD,IntOGen,"GAST_Pfizer,STAD_TCGA",C
DLG1,STAD,IntOGen,"GAST_Pfizer,STAD_TCGA",C
EIF2AK3,STAD,IntOGen,"GAST_Pfizer,STAD_TCGA",C
EIF4G1,STAD,IntOGen,"GAST_Pfizer,STAD_TCGA",C
EPHA1,STAD,IntOGen,"GAST_Pfizer,STAD_TCGA",C
ERBB2IP,STAD,IntOGen,"GAST_Pfizer,STAD_TCGA",C
G3BP2,STAD,IntOGen,"GAST_Pfizer,STAD_TCGA",C
GNAI1,STAD,IntOGen,"GAST_Pfizer,STAD_TCGA",C
HDAC3,STAD,IntOGen,"GAST_Pfizer,STAD_TCGA",C
HLA-A,STAD,IntOGen,"GAST_Pfizer,STAD_TCGA",C
HLA-B,STAD,IntOGen,"GAST_Pfizer,STAD_TCGA",C
HNRPDL,STAD,IntOGen,"GAST_Pfizer,STAD_TCGA",C
IREB2,STAD,IntOGen,"GAST_Pfizer,STAD_TCGA",C
IRF2,STAD,IntOGen,"GAST_Pfizer,STAD_TCGA",C
IRS2,STAD,IntOGen,"GAST_Pfizer,STAD_TCGA",C
KLF4,STAD,IntOGen,"GAST_Pfizer,STAD_TCGA",C
MACF1,STAD,IntOGen,"GAST_Pfizer,STAD_TCGA",C
MED17,STAD,IntOGen,"GAST_Pfizer,STAD_TCGA",C
MSR1,STAD,IntOGen,"GAST_Pfizer,STAD_TCGA",C
NAP1L1,STAD,IntOGen,"GAST_Pfizer,STAD_TCGA",C
NCK1,STAD,IntOGen,"GAST_Pfizer,STAD_TCGA",C
NCKAP1,STAD,IntOGen,"GAST_Pfizer,STAD_TCGA",C
NEDD4L,STAD,IntOGen,"GAST_Pfizer,STAD_TCGA",C
NR2F2,STAD,IntOGen,"GAST_Pfizer,STAD_TCGA",C
NR4A2,STAD,IntOGen,"GAST_Pfizer,STAD_TCGA",C
NUP107,STAD,IntOGen,"GAST_Pfizer,STAD_TCGA",C
PCSK5,STAD,IntOGen,"GAST_Pfizer,STAD_TCGA",C
PIK3CB,STAD,IntOGen,"GAST_Pfizer,STAD_TCGA",C
PIP5K1A,STAD,IntOGen,"GAST_Pfizer,STAD_TCGA",C
POLR2B,STAD,IntOGen,"GAST_Pfizer,STAD_TCGA",C
PTGS1,STAD,IntOGen,"GAST_Pfizer,STAD_TCGA",C
PTPRF,STAD,IntOGen,"GAST_Pfizer,STAD_TCGA",C
PTPRU,STAD,IntOGen,"GAST_Pfizer,STAD_TCGA",C
RAD21,STAD,IntOGen,"GAST_Pfizer,STAD_TCGA",C
RBBP7,STAD,IntOGen,"GAST_Pfizer,STAD_TCGA",C
RBM5,STAD,IntOGen,"GAST_Pfizer,STAD_TCGA",C
RTN4,STAD,IntOGen,"GAST_Pfizer,STAD_TCGA",C
SIN3A,STAD,IntOGen,"GAST_Pfizer,STAD_TCGA",C
SMC1A,STAD,IntOGen,"GAST_Pfizer,STAD_TCGA",C
SOS1,STAD,IntOGen,"GAST_Pfizer,STAD_TCGA",C
SOS2,STAD,IntOGen,"GAST_Pfizer,STAD_TCGA",C
STARD13,STAD,IntOGen,"GAST_Pfizer,STAD_TCGA",C
STIP1,STAD,IntOGen,"GAST_Pfizer,STAD_TCGA",C
STK4,STAD,IntOGen,"GAST_Pfizer,STAD_TCGA",C
TAF1,STAD,IntOGen,"GAST_Pfizer,STAD_TCGA",C
TAOK2,STAD,IntOGen,"GAST_Pfizer,STAD_TCGA",C
TBX3,STAD,IntOGen,"GAST_Pfizer,STAD_TCGA",C
TCF4,STAD,IntOGen,"GAST_Pfizer,STAD_TCGA",C
TFDP1,STAD,IntOGen,"GAST_Pfizer,STAD_TCGA",C
TJP1,STAD,IntOGen,"GAST_Pfizer,STAD_TCGA",C
TJP2,STAD,IntOGen,"GAST_Pfizer,STAD_TCGA",C
TNPO1,STAD,IntOGen,"GAST_Pfizer,STAD_TCGA",C
TNPO2,STAD,IntOGen,"GAST_Pfizer,STAD_TCGA",C
TP53BP1,STAD,IntOGen,"GAST_Pfizer,STAD_TCGA",C
WIPF1,STAD,IntOGen,"GAST_Pfizer,STAD_TCGA",C
ZC3H11A,STAD,IntOGen,"GAST_Pfizer,STAD_TCGA",C
ARID2,THCA,IntOGen,THCA_TCGA,A
BRAF,THCA,IntOGen,THCA_TCGA,A
CTNNB1,THCA,IntOGen,THCA_TCGA,A
EIF1AX,THCA,IntOGen,THCA_TCGA,A
FRG1B*,THCA,IntOGen,THCA_TCGA,A
HRAS,THCA,IntOGen,THCA_TCGA,A
KRAS,THCA,IntOGen,THCA_TCGA,A
MLL3,THCA,IntOGen,THCA_TCGA,A
NRAS,THCA,IntOGen,THCA_TCGA,A
PIK3CA,THCA,IntOGen,THCA_TCGA,A
PTEN,THCA,IntOGen,THCA_TCGA,A
RPSAP58,THCA,IntOGen,THCA_TCGA,A
TP53,THCA,IntOGen,THCA_TCGA,A
AKAP9,THCA,IntOGen,THCA_TCGA,B
ARHGAP26,THCA,IntOGen,THCA_TCGA,B
CDK12,THCA,IntOGen,THCA_TCGA,B
DICER1,THCA,IntOGen,THCA_TCGA,B
GNAS,THCA,IntOGen,THCA_TCGA,B
MLL,THCA,IntOGen,THCA_TCGA,B
NSD1,THCA,IntOGen,THCA_TCGA,B
PPP2R1A,THCA,IntOGen,THCA_TCGA,B
AHNAK,THCA,IntOGen,THCA_TCGA,C
BPTF,THCA,IntOGen,THCA_TCGA,C
CHD3,THCA,IntOGen,THCA_TCGA,C
HNRPDL,THCA,IntOGen,THCA_TCGA,C
LDHA,THCA,IntOGen,THCA_TCGA,C
NCK1,THCA,IntOGen,THCA_TCGA,C
PPM1D,THCA,IntOGen,THCA_TCGA,C
PRPF8,THCA,IntOGen,THCA_TCGA,C
TJP1,THCA,IntOGen,THCA_TCGA,C
TRIO,THCA,IntOGen,THCA_TCGA,C
WIPF1,THCA,IntOGen,THCA_TCGA,C
ZC3H11A,THCA,IntOGen,THCA_TCGA,C
ACTG1,UCEC,IntOGen,UCEC_TCGA,A
AKT1,UCEC,IntOGen,UCEC_TCGA,A
ARID1A,UCEC,IntOGen,UCEC_TCGA,A
ARID5B,UCEC,IntOGen,UCEC_TCGA,A
ATM,UCEC,IntOGen,UCEC_TCGA,A
BRAF,UCEC,IntOGen,UCEC_TCGA,A
CCND1,UCEC,IntOGen,UCEC_TCGA,A
CDKN1B,UCEC,IntOGen,UCEC_TCGA,A
CHD4,UCEC,IntOGen,UCEC_TCGA,A
CNOT4,UCEC,IntOGen,UCEC_TCGA,A
CTCF,UCEC,IntOGen,UCEC_TCGA,A
CTNNB1,UCEC,IntOGen,UCEC_TCGA,A
DNMT3A,UCEC,IntOGen,UCEC_TCGA,A
EGFR,UCEC,IntOGen,UCEC_TCGA,A
EIF1AX,UCEC,IntOGen,UCEC_TCGA,A
FBXW7,UCEC,IntOGen,UCEC_TCGA,A
FGFR2,UCEC,IntOGen,UCEC_TCGA,A
FUBP1,UCEC,IntOGen,UCEC_TCGA,A
IDH1,UCEC,IntOGen,UCEC_TCGA,A
KDM6A,UCEC,IntOGen,UCEC_TCGA,A
KRAS,UCEC,IntOGen,UCEC_TCGA,A
MAP2K4,UCEC,IntOGen,UCEC_TCGA,A
MAP3K1,UCEC,IntOGen,UCEC_TCGA,A
NFE2L2,UCEC,IntOGen,UCEC_TCGA,A
NRAS,UCEC,IntOGen,UCEC_TCGA,A
PHF6,UCEC,IntOGen,UCEC_TCGA,A
PIK3CA,UCEC,IntOGen,UCEC_TCGA,A
PIK3R1,UCEC,IntOGen,UCEC_TCGA,A
PPP2R1A,UCEC,IntOGen,UCEC_TCGA,A
PTEN,UCEC,IntOGen,UCEC_TCGA,A
RPL22,UCEC,IntOGen,UCEC_TCGA,A
RPL5,UCEC,IntOGen,UCEC_TCGA,A
RUNX1,UCEC,IntOGen,UCEC_TCGA,A
SMAD2,UCEC,IntOGen,UCEC_TCGA,A
SPOP,UCEC,IntOGen,UCEC_TCGA,A
TBL1XR1,UCEC,IntOGen,UCEC_TCGA,A
TBX3,UCEC,IntOGen,UCEC_TCGA,A
TGFBR2,UCEC,IntOGen,UCEC_TCGA,A
TP53,UCEC,IntOGen,UCEC_TCGA,A
U2AF1,UCEC,IntOGen,UCEC_TCGA,A
VHL,UCEC,IntOGen,UCEC_TCGA,A
ALK,UCEC,IntOGen,UCEC_TCGA,B
ATF1,UCEC,IntOGen,UCEC_TCGA,B
ATIC,UCEC,IntOGen,UCEC_TCGA,B
BRCA1,UCEC,IntOGen,UCEC_TCGA,B
CHEK2,UCEC,IntOGen,UCEC_TCGA,B
CLTC,UCEC,IntOGen,UCEC_TCGA,B
DICER1,UCEC,IntOGen,UCEC_TCGA,B
EIF4A2,UCEC,IntOGen,UCEC_TCGA,B
EP300,UCEC,IntOGen,UCEC_TCGA,B
FAM123B,UCEC,IntOGen,UCEC_TCGA,B
FAS,UCEC,IntOGen,UCEC_TCGA,B
FLT3,UCEC,IntOGen,UCEC_TCGA,B
MET,UCEC,IntOGen,UCEC_TCGA,B
MKL1,UCEC,IntOGen,UCEC_TCGA,B
MLH1,UCEC,IntOGen,UCEC_TCGA,B
MYB,UCEC,IntOGen,UCEC_TCGA,B
NDRG1,UCEC,IntOGen,UCEC_TCGA,B
NF2,UCEC,IntOGen,UCEC_TCGA,B
PRRX1,UCEC,IntOGen,UCEC_TCGA,B
PTPN11,UCEC,IntOGen,UCEC_TCGA,B
SRGAP3,UCEC,IntOGen,UCEC_TCGA,B
SUZ12,UCEC,IntOGen,UCEC_TCGA,B
ZMYM2,UCEC,IntOGen,UCEC_TCGA,B
ACACA,UCEC,IntOGen,UCEC_TCGA,C
ACTB,UCEC,IntOGen,UCEC_TCGA,C
AHR,UCEC,IntOGen,UCEC_TCGA,C
ANK3,UCEC,IntOGen,UCEC_TCGA,C
ARAP3,UCEC,IntOGen,UCEC_TCGA,C
ARHGAP35,UCEC,IntOGen,UCEC_TCGA,C
ARHGEF6,UCEC,IntOGen,UCEC_TCGA,C
ARNTL,UCEC,IntOGen,UCEC_TCGA,C
ATR,UCEC,IntOGen,UCEC_TCGA,C
AXIN1,UCEC,IntOGen,UCEC_TCGA,C
BAZ2B,UCEC,IntOGen,UCEC_TCGA,C
BCLAF1,UCEC,IntOGen,UCEC_TCGA,C
BMPR2,UCEC,IntOGen,UCEC_TCGA,C
CAPN7,UCEC,IntOGen,UCEC_TCGA,C
CARM1,UCEC,IntOGen,UCEC_TCGA,C
CAST,UCEC,IntOGen,UCEC_TCGA,C
CAT,UCEC,IntOGen,UCEC_TCGA,C
CHD3,UCEC,IntOGen,UCEC_TCGA,C
CHD9,UCEC,IntOGen,UCEC_TCGA,C
CLOCK,UCEC,IntOGen,UCEC_TCGA,C
CSNK1G3,UCEC,IntOGen,UCEC_TCGA,C
CTNND1,UCEC,IntOGen,UCEC_TCGA,C
CUL1,UCEC,IntOGen,UCEC_TCGA,C
CUX1,UCEC,IntOGen,UCEC_TCGA,C
DEPDC1B,UCEC,IntOGen,UCEC_TCGA,C
DHX15,UCEC,IntOGen,UCEC_TCGA,C
DHX35,UCEC,IntOGen,UCEC_TCGA,C
DIS3,UCEC,IntOGen,UCEC_TCGA,C
EIF2AK3,UCEC,IntOGen,UCEC_TCGA,C
EIF2C3,UCEC,IntOGen,UCEC_TCGA,C
EIF4G1,UCEC,IntOGen,UCEC_TCGA,C
ERBB3,UCEC,IntOGen,UCEC_TCGA,C
FOXA2,UCEC,IntOGen,UCEC_TCGA,C
FXR1,UCEC,IntOGen,UCEC_TCGA,C
G3BP2,UCEC,IntOGen,UCEC_TCGA,C
GNAI1,UCEC,IntOGen,UCEC_TCGA,C
GPS2,UCEC,IntOGen,UCEC_TCGA,C
GPSM2,UCEC,IntOGen,UCEC_TCGA,C
HDAC3,UCEC,IntOGen,UCEC_TCGA,C
HGF,UCEC,IntOGen,UCEC_TCGA,C
ING1,UCEC,IntOGen,UCEC_TCGA,C
INPP4A,UCEC,IntOGen,UCEC_TCGA,C
INPPL1,UCEC,IntOGen,UCEC_TCGA,C
IREB2,UCEC,IntOGen,UCEC_TCGA,C
KLF4,UCEC,IntOGen,UCEC_TCGA,C
MAX,UCEC,IntOGen,UCEC_TCGA,C
MED17,UCEC,IntOGen,UCEC_TCGA,C
MGA,UCEC,IntOGen,UCEC_TCGA,C
MLH3,UCEC,IntOGen,UCEC_TCGA,C
MUC20,UCEC,IntOGen,UCEC_TCGA,C
MYH10,UCEC,IntOGen,UCEC_TCGA,C
NCF2,UCEC,IntOGen,UCEC_TCGA,C
NCKAP1,UCEC,IntOGen,UCEC_TCGA,C
NCOR1,UCEC,IntOGen,UCEC_TCGA,C
NEDD4L,UCEC,IntOGen,UCEC_TCGA,C
NR2F2,UCEC,IntOGen,UCEC_TCGA,C
NUP93,UCEC,IntOGen,UCEC_TCGA,C
PCDH18,UCEC,IntOGen,UCEC_TCGA,C
PGR,UCEC,IntOGen,UCEC_TCGA,C
PIK3R3,UCEC,IntOGen,UCEC_TCGA,C
PLCG1,UCEC,IntOGen,UCEC_TCGA,C
PLXNB2,UCEC,IntOGen,UCEC_TCGA,C
PPP2R5A,UCEC,IntOGen,UCEC_TCGA,C
PPP2R5C,UCEC,IntOGen,UCEC_TCGA,C
PRPF8,UCEC,IntOGen,UCEC_TCGA,C
RAD21,UCEC,IntOGen,UCEC_TCGA,C
RAD23B,UCEC,IntOGen,UCEC_TCGA,C
RBBP7,UCEC,IntOGen,UCEC_TCGA,C
RBM5,UCEC,IntOGen,UCEC_TCGA,C
RHEB,UCEC,IntOGen,UCEC_TCGA,C
ROBO2,UCEC,IntOGen,UCEC_TCGA,C
RTN4,UCEC,IntOGen,UCEC_TCGA,C
SEC31A,UCEC,IntOGen,UCEC_TCGA,C
SHMT1,UCEC,IntOGen,UCEC_TCGA,C
SMC1A,UCEC,IntOGen,UCEC_TCGA,C
SOX17,UCEC,IntOGen,UCEC_TCGA,C
STIP1,UCEC,IntOGen,UCEC_TCGA,C
SYNCRIP,UCEC,IntOGen,UCEC_TCGA,C
TFDP1,UCEC,IntOGen,UCEC_TCGA,C
TP53BP1,UCEC,IntOGen,UCEC_TCGA,C
WIPF1,UCEC,IntOGen,UCEC_TCGA,C
ZC3H11A,UCEC,IntOGen,UCEC_TCGA,C
ZFHX3,UCEC,IntOGen,UCEC_TCGA,C
ZFP36L2,UCEC,IntOGen,UCEC_TCGA,C
ZNF814,UCEC,IntOGen,UCEC_TCGA,C
AMOT,PANCAN,"Wong et al, 2014",,
ARID1A,PANCAN,"Wong et al, 2014",,
ARID1B,PANCAN,"Wong et al, 2014",,
ARID2,PANCAN,"Wong et al, 2014",,
ASXL2,PANCAN,"Wong et al, 2014",,
B2M,PANCAN,"Wong et al, 2014",,
BAP1,PANCAN,"Wong et al, 2014",,
CDH1,PANCAN,"Wong et al, 2014",,
CDKN2A,PANCAN,"Wong et al, 2014",,
CREBBP,PANCAN,"Wong et al, 2014",,
CUX1,PANCAN,"Wong et al, 2014",,
EP300,PANCAN,"Wong et al, 2014",,
FAM123B,PANCAN,"Wong et al, 2014",,
FAT1,PANCAN,"Wong et al, 2014",,
FBXW7,PANCAN,"Wong et al, 2014",,
FTSJD1,PANCAN,"Wong et al, 2014",,
KDM6A,PANCAN,"Wong et al, 2014",,
LARP4B,PANCAN,"Wong et al, 2014",,
MAP2K4,PANCAN,"Wong et al, 2014",,
MAP3K1,PANCAN,"Wong et al, 2014",,
MBD2,PANCAN,"Wong et al, 2014",,
NCOR1,PANCAN,"Wong et al, 2014",,
NF1,PANCAN,"Wong et al, 2014",,
NF2,PANCAN,"Wong et al, 2014",,
NOTCH1,PANCAN,"Wong et al, 2014",,
PBRM1,PANCAN,"Wong et al, 2014",,
PHLPP1,PANCAN,"Wong et al, 2014",,
PIK3R1,PANCAN,"Wong et al, 2014",,
PTEN,PANCAN,"Wong et al, 2014",,
RB1,PANCAN,"Wong et al, 2014",,
RBM10,PANCAN,"Wong et al, 2014",,
RNF43,PANCAN,"Wong et al, 2014",,
SACS,PANCAN,"Wong et al, 2014",,
SMAD2,PANCAN,"Wong et al, 2014",,
SMAD4,PANCAN,"Wong et al, 2014",,
SMARCA4,PANCAN,"Wong et al, 2014",,
STK11,PANCAN,"Wong et al, 2014",,
TP53,PANCAN,"Wong et al, 2014",,
ZNRF3,PANCAN,"Wong et al, 2014",,
"*subsequently removed in Rubio-Perez et al, 2015 since FRG1B exhibited signals of positive selection due to false mutation calls and ABCB1 was not related to any
oncogenic mechanism targeted by the therapeutic options evaluated in that study",,,,
